time_fs,population_site_1,population_site_2,population_site_3,population_site_4,population_site_5,population_site_6,population_site_7,coherences,pop_site1_L1,pop_site1_L2
0.0000000000e+00,1.0000000000e+00,0.0000000000e+00,0.0000000000e+00,0.0000000000e+00,0.0000000000e+00,0.0000000000e+00,0.0000000000e+00,0.0000000000e+00,1.0000000000e+00,1.0000000000e+00
5.0000000000e-01,9.9992866413e-01,6.7824754361e-05,2.6917193626e-07,3.0909181582e-07,3.9634696576e-07,1.6628483623e-06,8.7365663946e-07,2.4403784424e-02,9.9992866413e-01,9.9992866413e-01
1.0000000000e+00,9.9971315143e-01,2.7285474334e-04,1.0751221145e-06,1.2423188937e-06,1.5866211311e-06,6.5811178425e-06,3.5086466503e-06,4.9034655691e-02,9.9971315143e-01,9.9971315143e-01
1.5000000000e+00,9.9935334721e-01,6.1516389641e-04,2.4177652460e-06,2.8037473125e-06,3.5610058284e-06,1.4823425506e-05,7.8829479752e-06,7.3818523102e-02,9.9935334725e-01,9.9935334721e-01
2.0000000000e+00,9.9885480585e-01,1.0896020609e-03,4.3164814076e-06,4.8997713879e-06,6.3069052147e-06,2.6197967786e-05,1.3870967178e-05,9.8461930341e-02,9.9885480603e-01,9.9885480585e-01
2.5000000000e+00,9.9820931666e-01,1.7042529278e-03,6.7511148764e-06,7.5765005180e-06,9.8837837776e-06,4.0636867636e-05,2.1582141549e-05,1.2337636655e-01,9.9820931736e-01,9.9820931666e-01
3.0000000000e+00,9.9744896404e-01,2.4265762245e-03,9.8667857709e-06,1.0937727033e-05,1.4262318005e-05,5.8288082925e-05,3.1104820762e-05,1.4793095565e-01,9.9744896607e-01,9.9744896404e-01
3.5000000000e+00,9.9654507499e-01,3.2848794407e-03,1.3513310290e-05,1.4865399283e-05,1.9694269804e-05,7.9149045352e-05,4.2823549342e-05,1.7285942833e-01,9.9654507999e-01,9.9654507499e-01
4.0000000000e+00,9.9546764851e-01,4.3088902505e-03,1.8086309780e-05,1.9281273569e-05,2.6195177568e-05,1.0378808476e-04,5.6110395045e-05,1.9860410705e-01,9.9546765952e-01,9.9546764851e-01
4.5000000000e+00,9.9427921411e-01,5.4383638378e-03,2.3005545090e-05,2.4615859780e-05,3.3124132513e-05,1.3111652173e-04,7.0559996761e-05,2.2375282502e-01,9.9427923602e-01,9.9427921411e-01
5.0000000000e+00,9.9300799807e-01,6.6478174369e-03,2.8068208901e-05,3.0422870587e-05,4.0513577270e-05,1.5858299030e-04,8.6596844073e-05,2.4790636371e-01,9.9300803823e-01,9.9300799807e-01
5.5000000000e+00,9.9146233492e-01,8.1200159046e-03,3.4431578145e-05,3.7064161527e-05,4.9158323225e-05,1.9221015615e-04,1.0478496059e-04,2.7439638492e-01,9.9146240553e-01,9.9146233491e-01
6.0000000000e+00,9.8983684213e-01,9.6671023217e-03,4.1366283551e-05,4.3810955240e-05,5.8260147169e-05,2.2956462655e-04,1.2305353599e-04,2.9992026237e-01,9.8983695927e-01,9.8983684212e-01
6.5000000000e+00,9.8818054681e-01,1.1232828768e-02,4.9781393909e-05,5.2196318880e-05,6.8852527611e-05,2.7100959309e-04,1.4478458811e-04,3.2507489796e-01,9.8818073139e-01,9.8818054680e-01
7.0000000000e+00,9.8631740059e-01,1.2998745022e-02,5.8520095625e-05,6.0401204926e-05,8.1046804249e-05,3.1460507460e-04,1.6928120483e-04,3.5094230173e-01,9.8631768319e-01,9.8631740057e-01
7.5000000000e+00,9.8439985516e-01,1.4818725704e-02,6.7506701433e-05,6.8500370454e-05,9.2525338873e-05,3.6125939067e-04,1.9162733389e-04,3.7552973742e-01,9.8440027260e-01,9.8439985511e-01
8.0000000000e+00,9.8221878390e-01,1.6893092179e-02,7.8946453533e-05,7.8172207990e-05,1.0629755588e-04,4.0855391214e-04,2.1615379619e-04,4.0176607440e-01,9.8221938926e-01,9.8221878381e-01
8.5000000000e+00,9.7990287252e-01,1.9096350981e-02,8.9926505562e-05,8.8617846020e-05,1.1984585451e-04,4.5929995695e-04,2.4308633946e-04,4.2784448394e-01,9.7990372950e-01,9.7990287238e-01
9.0000000000e+00,9.7741457464e-01,2.1461508427e-02,1.0227277624e-04,1.0012035863e-04,1.3450904134e-04,5.1557459880e-04,2.7144015733e-04,4.5440203373e-01,9.7741576420e-01,9.7741457442e-01
9.5000000000e+00,9.7472064172e-01,2.4019711272e-02,1.1720414009e-04,1.1348602102e-04,1.5247187356e-04,5.7493996529e-04,3.0154500581e-04,4.8203208076e-01,9.7472226563e-01,9.7472064137e-01
1.0000000000e+01,9.7188581393e-01,2.6720583158e-02,1.3345031702e-04,1.2624133283e-04,1.6742491557e-04,6.3259225709e-04,3.3389408539e-04,5.0900991641e-01,9.7188799205e-01,9.7188581338e-01
1.0500000000e+01,9.6884628715e-01,2.9615892721e-02,1.4985529142e-04,1.3999778838e-04,1.8684461342e-04,6.9357614623e-04,3.6754628644e-04,5.3659380412e-01,9.6884916840e-01,9.6884628632e-01
1.1000000000e+01,9.6604645894e-01,3.2273518497e-02,1.6652073810e-04,1.5362814787e-04,2.0574369654e-04,7.5042821447e-04,4.0370176842e-04,5.6144474435e-01,9.6605017374e-01,9.6604645771e-01
1.1500000000e+01,9.6307260453e-01,3.5082127827e-02,1.8552183638e-04,1.7011579380e-04,2.2497030101e-04,8.2197430567e-04,4.4268540249e-04,5.8742515951e-01,9.6307734286e-01,9.6307260275e-01
1.2000000000e+01,9.6002850340e-01,3.7953680116e-02,2.0524219675e-04,1.8671572763e-04,2.4685818276e-04,8.9589493940e-04,4.8310543407e-04,6.1319554873e-01,9.6003447103e-01,9.6002850087e-01
1.2500000000e+01,9.5680444341e-01,4.1005388054e-02,2.2711666155e-04,2.0285762081e-04,2.6808335913e-04,9.6489347059e-04,5.2721742547e-04,6.3908332069e-01,9.5681189223e-01,9.5680443985e-01
1.3000000000e+01,9.5321261054e-01,4.4406948418e-02,2.5328971826e-04,2.1990516283e-04,2.9133728337e-04,1.0431652730e-03,5.7274360161e-04,6.6666969407e-01,9.5322186517e-01,9.5321260559e-01
1.3500000000e+01,9.5026053217e-01,4.7182581607e-02,2.7763709093e-04,2.3638725413e-04,3.1674788162e-04,1.1113980682e-03,6.1471592640e-04,6.8972399841e-01,9.5027175632e-01,9.5026052546e-01
1.4000000000e+01,9.4681801860e-01,5.0434488425e-02,3.0234197924e-04,2.5356792481e-04,3.4135886583e-04,1.1971319326e-03,6.5309227709e-04,7.1458505530e-01,9.4683162372e-01,9.4681800956e-01
1.4500000000e+01,9.4325604018e-01,5.3789908608e-02,3.3196995380e-04,2.7738820461e-04,3.6642000084e-04,1.2892552787e-03,6.8901777251e-04,7.4007959594e-01,9.4327240804e-01,9.4325602816e-01
1.5000000000e+01,9.3947124420e-01,5.7365817472e-02,3.6354216638e-04,3.0039523680e-04,3.9248010990e-04,1.3690333625e-03,7.3748745393e-04,7.6611754083e-01,9.3949082978e-01,9.3947122834e-01
1.5500000000e+01,9.3562476308e-01,6.1010189276e-02,3.9389216469e-04,3.1994778347e-04,4.1950845888e-04,1.4497927901e-03,7.8190644938e-04,7.9095699362e-01,9.3564801967e-01,9.3562474239e-01
1.6000000000e+01,9.3105469610e-01,6.5382317877e-02,4.2680740239e-04,3.4111473371e-04,4.5067885880e-04,1.5262163420e-03,8.1816868164e-04,8.1807147926e-01,9.3108236516e-01,9.3105466916e-01
1.6500000000e+01,9.2678486366e-01,6.9445340286e-02,4.6145326574e-04,3.6165006955e-04,4.8019026153e-04,1.6110933168e-03,8.5540914419e-04,8.4327288565e-01,9.2681738481e-01,9.2678482911e-01
1.7000000000e+01,9.2247642127e-01,7.3533502975e-02,4.9767064781e-04,3.8476128103e-04,5.0751553866e-04,1.7020564036e-03,8.9807188317e-04,8.6852762195e-01,9.2251438774e-01,9.2247637739e-01
1.7500000000e+01,9.1862412604e-01,7.7177477909e-02,5.4201452398e-04,4.0919553377e-04,5.3443068377e-04,1.7760217486e-03,9.3673356449e-04,8.9114552864e-01,9.1866791965e-01,9.1862407113e-01
1.8000000000e+01,9.1378160871e-01,8.1782068967e-02,5.8762036949e-04,4.3864280600e-04,5.6679795690e-04,1.8640912790e-03,9.7916990681e-04,9.1786235647e-01,9.1383237628e-01,9.1378153985e-01
1.8500000000e+01,9.0846817670e-01,8.6820241984e-02,6.3364226508e-04,4.6768495646e-04,6.1046709404e-04,1.9712499327e-03,1.0285370630e-03,9.4692785188e-01,9.0852691624e-01,9.0846809069e-01
1.9000000000e+01,9.0453388481e-01,9.0493903200e-02,6.8438802809e-04,4.9441834025e-04,6.4889031498e-04,2.0668942569e-03,1.0776210530e-03,9.7040074986e-01,9.0460056429e-01,9.0453377962e-01
1.9500000000e+01,9.0025713545e-01,9.4558136321e-02,7.3229076612e-04,5.2239064823e-04,6.8237896661e-04,2.1259369923e-03,1.1217308550e-03,9.9280745245e-01,9.0033268893e-01,9.0025700741e-01
2.0000000000e+01,8.9593860852e-01,9.8652571145e-02,7.7194024672e-04,5.5467964321e-04,7.1258624935e-04,2.2076806336e-03,1.1619335619e-03,1.0147256855e+00,8.9602383561e-01,8.9593845362e-01
2.0500000000e+01,8.8985826216e-01,1.0442453370e-01,8.2929461014e-04,5.8906462086e-04,7.6467058746e-04,2.3111270747e-03,1.2230472421e-03,1.0446780205e+00,8.8995533784e-01,8.8985807334e-01
2.1000000000e+01,8.8674601649e-01,1.0731861727e-01,8.7080218632e-04,6.0812363259e-04,7.9471638544e-04,2.3888843146e-03,1.2728397219e-03,1.0616861921e+00,8.8685352111e-01,8.8674579302e-01
2.1500000000e+01,8.8302089582e-01,1.1079210853e-01,9.2928247109e-04,6.3470454809e-04,8.2621238748e-04,2.4800636114e-03,1.3167326334e-03,1.0813558558e+00,8.8314008254e-01,8.8302063141e-01
2.2000000000e+01,8.7807819498e-01,1.1550641842e-01,9.8587105573e-04,6.6477397980e-04,8.6003780308e-04,2.5473875316e-03,1.3573162307e-03,1.1033698727e+00,8.7821102146e-01,8.7807788129e-01
2.2500000000e+01,8.7452922447e-01,1.1889580963e-01,1.0267998079e-03,6.8289917577e-04,8.8968249398e-04,2.6020900963e-03,1.3734943247e-03,1.1188071363e+00,8.7467527379e-01,8.7452885783e-01
2.3000000000e+01,8.6919944099e-01,1.2401051837e-01,1.0889154417e-03,7.0485717325e-04,9.1642221422e-04,2.6757765636e-03,1.4040692405e-03,1.1402614729e+00,8.6936140200e-01,8.6919900953e-01
2.3500000000e+01,8.6504631819e-01,1.2797329378e-01,1.1476363423e-03,7.2850525839e-04,9.4969838763e-04,2.7162193026e-03,1.4383287364e-03,1.1579982095e+00,8.6522396638e-01,8.6504581683e-01
2.4000000000e+01,8.6148260477e-01,1.3128307514e-01,1.2182108527e-03,7.6231169633e-04,9.9373485761e-04,2.7895069795e-03,1.4705557033e-03,1.1760096639e+00,8.6167616773e-01,8.6148202640e-01
2.4500000000e+01,8.5764722723e-01,1.3487558632e-01,1.2766838044e-03,7.9682188664e-04,1.0406271434e-03,2.8605393090e-03,1.5025143142e-03,1.1938238344e+00,8.5785790500e-01,8.5764656187e-01
2.5000000000e+01,8.5165038086e-01,1.4059913372e-01,1.3432034725e-03,8.3031870448e-04,1.0793038936e-03,2.9474119801e-03,1.5502473664e-03,1.2175706892e+00,8.5188187544e-01,8.5164960962e-01
2.5500000000e+01,8.4701999351e-01,1.4494640982e-01,1.4184566059e-03,8.5712536515e-04,1.1234957208e-03,3.0427847505e-03,1.5917342220e-03,1.2374777279e+00,8.4727157449e-01,8.4701910997e-01
2.6000000000e+01,8.3975851133e-01,1.5186199844e-01,1.5081359723e-03,9.0174980597e-04,1.1769049648e-03,3.1560173869e-03,1.6366821050e-03,1.2649664599e+00,8.4003471681e-01,8.3975748981e-01
2.6500000000e+01,8.3631237373e-01,1.5505414405e-01,1.5962329948e-03,9.2717112228e-04,1.2123783452e-03,3.2201854459e-03,1.6775143126e-03,1.2807850412e+00,8.3660902737e-01,8.3631122007e-01
2.7000000000e+01,8.3360546474e-01,1.5746979107e-01,1.6955515934e-03,9.5534249005e-04,1.2620753989e-03,3.2973987263e-03,1.7143759806e-03,1.2965257836e+00,8.3392244004e-01,8.3360417035e-01
2.7500000000e+01,8.2942689324e-01,1.6135624030e-01,1.7619882287e-03,9.9561781152e-04,1.3205713058e-03,3.3737882385e-03,1.7649008794e-03,1.3150151278e+00,8.2976728796e-01,8.2942543566e-01
2.8000000000e+01,8.2349111834e-01,1.6695548681e-01,1.8517228574e-03,1.0430660763e-03,1.3822944438e-03,3.4750716330e-03,1.8012398388e-03,1.3382283855e+00,8.2385876951e-01,8.2348946994e-01
2.8500000000e+01,8.1860475536e-01,1.7154406753e-01,1.9266063058e-03,1.0794253762e-03,1.4364706484e-03,3.5845837003e-03,1.8240910788e-03,1.3571603885e+00,8.1899879206e-01,8.1860290657e-01
2.9000000000e+01,8.1321583317e-01,1.7663857518e-01,2.0032036724e-03,1.1308171288e-03,1.4977954164e-03,3.6582787942e-03,1.8554966404e-03,1.3768830833e+00,8.1363787614e-01,8.1321376387e-01
2.9500000000e+01,8.0708693379e-01,1.8251534267e-01,2.0904585861e-03,1.1647555389e-03,1.5525365142e-03,3.7075321300e-03,1.8824407621e-03,1.3968132798e+00,8.0753932239e-01,8.0708462076e-01
3.0000000000e+01,8.0128107215e-01,1.8799388143e-01,2.1692449595e-03,1.2153525345e-03,1.6124435208e-03,3.8082956063e-03,1.9197098016e-03,1.4177552075e+00,8.0176429086e-01,8.0127849779e-01
3.0500000000e+01,7.9580227307e-01,1.9309928457e-01,2.2835014940e-03,1.2676231996e-03,1.6740778328e-03,3.8923741834e-03,1.9808656489e-03,1.4395084666e+00,7.9631656840e-01,7.9579941993e-01
3.1000000000e+01,7.8974472538e-01,1.9883746338e-01,2.3744241257e-03,1.3072917429e-03,1.7374256192e-03,3.9941845412e-03,2.0044852144e-03,1.4594408529e+00,7.9029166237e-01,7.8974156966e-01
3.1500000000e+01,7.8291546921e-01,2.0516481231e-01,2.5030207398e-03,1.3584128569e-03,1.8359897162e-03,4.1396231277e-03,2.0826720404e-03,1.4854396611e+00,7.8349732726e-01,7.8291197949e-01
3.2000000000e+01,7.7762326084e-01,2.1011622568e-01,2.6122399688e-03,1.4050321158e-03,1.8939683736e-03,4.2324298279e-03,2.1168431935e-03,1.5040781373e+00,7.7823742244e-01,7.7761943627e-01
3.2500000000e+01,7.7189649726e-01,2.1546025739e-01,2.7372250086e-03,1.4476224778e-03,1.9707870197e-03,4.3343258606e-03,2.1532849833e-03,1.5244229547e+00,7.7254451069e-01,7.7189231149e-01
3.3000000000e+01,7.6612814884e-01,2.2085457694e-01,2.8837432350e-03,1.4818532710e-03,2.0461431547e-03,4.4019344549e-03,2.2036001058e-03,1.5443808244e+00,7.6681015593e-01,7.6612358531e-01
3.3500000000e+01,7.6185953168e-01,2.2476480371e-01,2.9906775727e-03,1.5257013413e-03,2.1262824986e-03,4.4820570890e-03,2.2509461059e-03,1.5611314468e+00,7.6257270566e-01,7.6185459031e-01
3.4000000000e+01,7.5630753548e-01,2.2998420737e-01,3.1410456867e-03,1.5662026332e-03,2.1755157792e-03,4.5555130910e-03,2.2699799582e-03,1.5786835581e+00,7.5705474688e-01,7.5630218596e-01
3.4500000000e+01,7.4974786254e-01,2.3613608912e-01,3.2667011616e-03,1.6271993595e-03,2.2721917779e-03,4.6500670940e-03,2.2998889534e-03,1.5998652387e+00,7.5053155015e-01,7.4974206900e-01
3.5000000000e+01,7.4497719932e-01,2.4048274712e-01,3.3987326887e-03,1.6933305768e-03,2.3528931384e-03,4.7402193263e-03,2.3548778221e-03,1.6182764716e+00,7.4579329477e-01,7.4497097536e-01
3.5500000000e+01,7.3866602163e-01,2.4633526615e-01,3.5572911550e-03,1.7645874557e-03,2.4653925369e-03,4.7978012164e-03,2.4136398519e-03,1.6401553709e+00,7.3951806377e-01,7.3865932597e-01
3.6000000000e+01,7.3649969166e-01,2.4821990970e-01,3.6770123134e-03,1.8135251318e-03,2.5417490599e-03,4.8037046586e-03,2.4444074700e-03,1.6508735409e+00,7.3737782631e-01,7.3649258115e-01
3.6500000000e+01,7.3284605615e-01,2.5164828445e-01,3.7892048027e-03,1.8625702091e-03,2.6025961084e-03,4.8009908780e-03,2.4502973991e-03,1.6617857435e+00,7.3375242008e-01,7.3283850741e-01
3.7000000000e+01,7.2395350540e-01,2.6012802166e-01,3.9567262199e-03,1.9219850048e-03,2.6851135020e-03,4.8741019105e-03,2.4805463038e-03,1.6837904169e+00,7.2489854660e-01,7.2394542405e-01
3.7500000000e+01,7.1746272980e-01,2.6618119074e-01,4.1141321043e-03,1.9932676420e-03,2.7760180736e-03,4.9546356975e-03,2.5180259458e-03,1.7033355314e+00,7.1843997415e-01,7.1745415238e-01
3.8000000000e+01,7.1320307910e-01,2.7014665534e-01,4.2444442165e-03,2.0430672850e-03,2.8398986424e-03,5.0116775002e-03,2.5111779230e-03,1.7160540238e+00,7.1420760955e-01,7.1319404962e-01
3.8500000000e+01,7.0876553503e-01,2.7447843300e-01,4.3124559100e-03,2.0560781036e-03,2.8715436914e-03,5.0116267757e-03,2.5043274879e-03,1.7238450537e+00,7.0979581601e-01,7.0875606495e-01
3.9000000000e+01,7.0410345349e-01,2.7892975859e-01,4.4511568949e-03,2.0882883650e-03,2.9157140157e-03,5.0174006791e-03,2.4942279709e-03,1.7345558412e+00,7.0515857425e-01,7.0409355062e-01
3.9500000000e+01,6.9833979098e-01,2.8428187918e-01,4.6266955143e-03,2.1636891555e-03,3.0049149319e-03,5.0615231464e-03,2.5215070886e-03,1.7512823148e+00,6.9942013563e-01,6.9832944425e-01
4.0000000000e+01,6.9325017267e-01,2.8904235835e-01,4.7767953485e-03,2.2148563824e-03,3.0759558972e-03,5.1225858496e-03,2.5172755038e-03,1.7640255229e+00,6.9435254682e-01,6.9323942347e-01
4.0500000000e+01,6.8932609316e-01,2.9254828654e-01,4.9374538614e-03,2.2860235639e-03,3.1628468290e-03,5.1974285551e-03,2.5418674814e-03,1.7789713854e+00,6.9044605649e-01,6.8931497576e-01
4.1000000000e+01,6.8243425303e-01,2.9899134695e-01,5.1659464615e-03,2.3379875270e-03,3.2270187805e-03,5.2831130370e-03,2.5603342102e-03,1.7968405133e+00,6.8357517411e-01,6.8242276309e-01
4.1500000000e+01,6.8002740634e-01,3.0111438822e-01,5.2935970130e-03,2.3742638752e-03,3.2813946186e-03,5.3435978014e-03,2.5653521275e-03,1.8056483849e+00,6.8117720206e-01,6.8001567308e-01
4.2000000000e+01,6.7853719779e-01,3.0237998606e-01,5.4510606761e-03,2.4126357886e-03,3.3444895518e-03,5.3143154379e-03,2.5603146946e-03,1.8125071784e+00,6.7969262792e-01,6.7852527669e-01
4.2500000000e+01,6.7241697652e-01,3.0815510039e-01,5.6290888878e-03,2.4954980785e-03,3.4468501703e-03,5.2974609314e-03,2.5590250236e-03,1.8266945012e+00,6.7358366815e-01,6.7240484637e-01
4.3000000000e+01,6.6575121044e-01,3.1449768395e-01,5.7250762645e-03,2.5580502730e-03,3.5591504148e-03,5.3262779547e-03,2.5825507063e-03,1.8411198484e+00,6.6692636251e-01,6.6573893020e-01
4.3500000000e+01,6.5845706063e-01,3.2138825591e-01,5.8801480292e-03,2.6347769693e-03,3.6633353110e-03,5.3731692348e-03,2.6032539195e-03,1.8571736016e+00,6.5963735454e-01,6.5844471498e-01
4.4000000000e+01,6.5331696827e-01,3.2594232104e-01,6.1370215110e-03,2.7167650582e-03,3.7732205839e-03,5.4617800855e-03,2.6519234521e-03,1.8752792034e+00,6.5449424012e-01,6.5330467460e-01
4.4500000000e+01,6.4609635219e-01,3.3253297817e-01,6.4028020034e-03,2.7969232982e-03,3.9053086135e-03,5.5738259200e-03,2.6918098014e-03,1.8952203836e+00,6.4726919078e-01,6.4608420906e-01
4.5000000000e+01,6.3911879927e-01,3.3911150595e-01,6.5796721221e-03,2.8543254860e-03,3.9959054782e-03,5.6347842404e-03,2.7050074476e-03,1.9089340349e+00,6.4028079987e-01,6.3910698175e-01
4.5500000000e+01,6.3519332797e-01,3.4268020136e-01,6.7770946997e-03,2.9270268355e-03,4.0611652130e-03,5.6443166318e-03,2.7168672947e-03,1.9200613784e+00,6.3633442990e-01,6.3518202511e-01
4.6000000000e+01,6.2545320055e-01,3.5206127398e-01,6.9638012021e-03,3.0131949066e-03,4.1052782339e-03,5.6841434990e-03,2.7191076372e-03,1.9345108583e+00,6.2657367527e-01,6.2544258267e-01
4.6500000000e+01,6.1906772547e-01,3.5808650710e-01,7.1658403650e-03,3.1200244942e-03,4.1717365324e-03,5.6601695047e-03,2.7279965270e-03,1.9466608262e+00,6.2015622377e-01,6.1905803335e-01
4.7000000000e+01,6.1531914409e-01,3.6153919189e-01,7.3786140983e-03,3.1725470577e-03,4.2089302080e-03,5.6630897473e-03,2.7184829124e-03,1.9553421253e+00,6.1636693824e-01,6.1531059485e-01
4.7500000000e+01,6.0942078638e-01,3.6710586719e-01,7.5561643105e-03,3.2623868107e-03,4.2725726131e-03,5.6646137708e-03,2.7176089239e-03,1.9665755958e+00,6.1042274865e-01,6.0941361359e-01
4.8000000000e+01,6.0282539068e-01,3.7351341628e-01,7.7221870729e-03,3.3448817890e-03,4.2934869178e-03,5.6049845249e-03,2.6956527331e-03,1.9740069321e+00,6.0377305954e-01,6.0281991380e-01
4.8500000000e+01,5.9861647826e-01,3.7736437096e-01,7.8829786622e-03,3.4412605513e-03,4.4043625571e-03,5.5726665824e-03,2.7178824248e-03,1.9846972111e+00,5.9950161986e-01,5.9861292780e-01
4.9000000000e+01,5.8924338441e-01,3.8635521344e-01,8.1022972586e-03,3.5027368332e-03,4.5084498383e-03,5.5568707830e-03,2.7310474407e-03,1.9975939862e+00,5.9005949998e-01,5.8924214066e-01
4.9500000000e+01,5.8007009667e-01,3.9495010359e-01,8.3554371513e-03,3.5793062020e-03,4.6155548255e-03,5.6578808312e-03,2.7716207289e-03,2.0140029157e+00,5.8080671340e-01,5.8007152135e-01
5.0000000000e+01,5.7588277402e-01,3.9876180932e-01,8.6202583109e-03,3.6544417905e-03,4.6801297446e-03,5.6145065680e-03,2.7860802475e-03,2.0237440040e+00,5.7652740904e-01,5.7588727543e-01
5.0500000000e+01,5.6550776065e-01,4.0881802812e-01,8.7096453932e-03,3.7271277086e-03,4.7743922875e-03,5.6775328684e-03,2.7855129736e-03,2.0348079547e+00,5.6604947382e-01,5.6551589419e-01
5.1000000000e+01,5.5813316073e-01,4.1583323805e-01,8.9577861997e-03,3.7643198491e-03,4.8488275415e-03,5.6902896485e-03,2.7723779734e-03,2.0439171585e+00,5.5855928954e-01,5.5814541368e-01
5.1500000000e+01,5.5156609363e-01,4.2216604095e-01,9.0597659227e-03,3.8021170295e-03,4.8999501850e-03,5.7246376049e-03,2.7813946769e-03,2.0505698985e+00,5.5186370078e-01,5.5158300443e-01
5.2000000000e+01,5.4249769476e-01,4.3074654049e-01,9.2988572086e-03,3.9002958289e-03,5.0081932282e-03,5.7612936075e-03,2.7871248800e-03,2.0629873651e+00,5.4265353217e-01,5.4251989625e-01
5.2500000000e+01,5.3744169599e-01,4.3540659725e-01,9.5158543875e-03,3.9311699169e-03,5.1899636943e-03,5.7363856902e-03,2.7783330687e-03,2.0714549275e+00,5.3744240113e-01,5.3746977251e-01
5.3000000000e+01,5.3150721101e-01,4.4101073924e-01,9.7650460794e-03,3.9723968886e-03,5.2483768005e-03,5.7254095373e-03,2.7708204394e-03,2.0784502495e+00,5.3133841886e-01,5.3154189488e-01
5.3500000000e+01,5.2691831938e-01,4.4543806608e-01,9.7999111044e-03,4.0174310467e-03,5.3765664429e-03,5.6854681118e-03,2.7642378316e-03,2.0829039546e+00,5.2656772977e-01,5.2696024953e-01
5.4000000000e+01,5.2273793872e-01,4.4922667119e-01,1.0022919824e-02,4.0773663703e-03,5.4956781896e-03,5.6969995948e-03,2.7424261047e-03,2.0908796449e+00,5.2219205920e-01,5.2278784184e-01
5.4500000000e+01,5.1585948791e-01,4.5536549536e-01,1.0416040578e-02,4.1791670404e-03,5.6654549450e-03,5.7575892938e-03,2.7567648740e-03,2.1065817526e+00,5.1510448319e-01,5.1591811118e-01
5.5000000000e+01,5.1138726815e-01,4.5920823740e-01,1.0740824200e-02,4.2745128950e-03,5.8225319756e-03,5.8078068507e-03,2.7588185314e-03,2.1186068048e+00,5.1040828687e-01,5.1145543275e-01
5.5500000000e+01,5.0681189553e-01,4.6346912068e-01,1.0912580940e-02,4.3728464456e-03,5.8858032453e-03,5.7979088960e-03,2.7498442684e-03,2.1251042027e+00,5.0559206825e-01,5.0689061292e-01
5.6000000000e+01,4.9933675022e-01,4.7039440605e-01,1.1259690222e-02,4.4272926058e-03,6.0421804977e-03,5.8275921896e-03,2.7120882186e-03,2.1346560825e+00,4.9786015825e-01,4.9942698138e-01
5.6500000000e+01,4.9420567045e-01,4.7517777002e-01,1.1430148124e-02,4.4910524952e-03,6.1394472735e-03,5.8483912733e-03,2.7075203657e-03,2.1409714049e+00,4.9245512275e-01,4.9430844948e-01
5.7000000000e+01,4.9011283914e-01,4.7897858155e-01,1.1586177230e-02,4.5880418451e-03,6.2162502217e-03,5.8035860145e-03,2.7145239951e-03,2.1458975291e+00,4.8807321487e-01,4.9022914572e-01
5.7500000000e+01,4.8581204984e-01,4.8257899479e-01,1.2010323855e-02,4.7300585574e-03,6.3872231033e-03,5.7684527028e-03,2.7128971448e-03,2.1582027112e+00,4.8346543518e-01,4.8594304413e-01
5.8000000000e+01,4.7901014346e-01,4.8878084641e-01,1.2364617983e-02,4.8184665163e-03,6.5655986735e-03,5.7569125596e-03,2.7034143966e-03,2.1679451895e+00,4.7633972427e-01,4.7915697772e-01
5.8500000000e+01,4.7324967240e-01,4.9437950390e-01,1.2437299173e-02,4.8806121699e-03,6.6738554936e-03,5.7013077892e-03,2.6777490751e-03,2.1701252054e+00,4.7023574367e-01,4.7341373117e-01
5.9000000000e+01,4.6873250851e-01,4.9858888566e-01,1.2677332336e-02,4.8881150410e-03,6.7829865160e-03,5.6550229268e-03,2.6751490154e-03,2.1742537451e+00,4.6535620053e-01,4.6891511226e-01
5.9500000000e+01,4.6202365835e-01,5.0507563576e-01,1.2824479980e-02,4.9306650810e-03,6.8913773008e-03,5.6031713495e-03,2.6510121853e-03,2.1763407083e+00,4.5826938220e-01,4.6222605257e-01
6.0000000000e+01,4.5650537996e-01,5.0985396501e-01,1.3303417248e-02,5.0621005918e-03,7.0451685750e-03,5.5987802352e-03,2.6311883770e-03,2.1871770655e+00,4.5235294646e-01,4.5672902897e-01
6.0500000000e+01,4.5216465338e-01,5.1398173692e-01,1.3482700413e-02,5.1138954946e-03,7.1459043023e-03,5.5089254387e-03,2.6021840556e-03,2.1885911077e+00,4.4759096002e-01,4.5241129197e-01
6.1000000000e+01,4.4739035417e-01,5.1824799411e-01,1.3754888496e-02,5.1651703186e-03,7.3607422119e-03,5.5074900052e-03,2.5733606900e-03,2.1952695132e+00,4.4237967626e-01,4.4766129651e-01
6.1500000000e+01,4.3972902520e-01,5.2578191060e-01,1.3957660291e-02,5.2188243751e-03,7.3871254952e-03,5.4019095590e-03,2.5235444774e-03,2.1940019422e+00,4.3426555386e-01,4.4002584760e-01
6.2000000000e+01,4.3463980747e-01,5.3043292091e-01,1.4252474038e-02,5.2797675701e-03,7.5378134628e-03,5.3428345861e-03,2.5143819648e-03,2.1989658179e+00,4.2870023625e-01,4.3496430343e-01
6.2500000000e+01,4.2652464558e-01,5.3807649433e-01,1.4516191126e-02,5.3528690422e-03,7.7566513853e-03,5.2814811482e-03,2.4916673820e-03,2.2031224215e+00,4.2010112635e-01,4.2687793976e-01
6.3000000000e+01,4.2016236570e-01,5.4375912698e-01,1.5055065511e-02,5.4630121678e-03,7.9401311609e-03,5.1727541052e-03,2.4475443747e-03,2.2092466631e+00,4.1323352310e-01,4.2054634770e-01
6.3500000000e+01,4.1402912157e-01,5.4937814084e-01,1.5339101525e-02,5.5862816354e-03,8.0733464188e-03,5.1555020362e-03,2.4385059707e-03,2.2146648597e+00,4.0657460496e-01,4.1444570039e-01
6.4000000000e+01,4.0579542688e-01,5.5756830750e-01,1.5416171788e-02,5.5982949051e-03,8.1043855912e-03,5.1101441141e-03,2.4072692264e-03,2.2109034377e+00,3.9780614315e-01,4.0624609250e-01
6.4500000000e+01,3.9973677929e-01,5.6300622681e-01,1.5896085538e-02,5.6462629667e-03,8.3060969710e-03,5.0127296429e-03,2.3958187777e-03,2.2159627355e+00,3.9118493553e-01,4.0022387799e-01
6.5000000000e+01,3.9603253349e-01,5.6632662352e-01,1.6261381157e-02,5.6200386949e-03,8.4625281951e-03,4.9314402685e-03,2.3654546763e-03,2.2177095947e+00,3.8688057884e-01,3.9655911857e-01
6.5500000000e+01,3.9190220771e-01,5.7001530044e-01,1.6513413343e-02,5.7215657397e-03,8.5990865965e-03,4.8953844936e-03,2.3530416766e-03,2.2209703577e+00,3.8214629470e-01,3.9246950553e-01
6.6000000000e+01,3.9046390937e-01,5.7100282500e-01,1.6748861278e-02,5.7950651959e-03,8.8259724591e-03,4.8140461351e-03,2.3493205542e-03,2.2249803620e+00,3.8006872376e-01,3.9107489828e-01
6.6500000000e+01,3.8528728212e-01,5.7579414987e-01,1.7060326797e-02,5.8926987381e-03,8.9490015215e-03,4.6844650515e-03,2.3320759097e-03,2.2269239070e+00,3.7425015173e-01,3.8594336982e-01
6.7000000000e+01,3.7975169455e-01,5.8099569392e-01,1.7419190577e-02,5.9524516312e-03,9.0064408046e-03,4.5657683853e-03,2.3087601306e-03,2.2270781030e+00,3.6806734166e-01,3.8045442291e-01
6.7500000000e+01,3.7392760856e-01,5.8647564735e-01,1.7628123390e-02,5.9725773577e-03,9.2456666246e-03,4.4700229228e-03,2.2803537929e-03,2.2272151676e+00,3.6159923360e-01,3.7467790528e-01
6.8000000000e+01,3.7038130217e-01,5.8989140071e-01,1.7888910998e-02,5.9747231341e-03,9.2786140860e-03,4.3461289426e-03,2.2389199651e-03,2.2237833364e+00,3.5736370110e-01,3.7118318203e-01
6.8500000000e+01,3.6881784903e-01,5.9135465509e-01,1.7992005249e-02,5.9555865584e-03,9.4178976697e-03,4.2642467946e-03,2.1977596145e-03,2.2211950660e+00,3.5508755339e-01,3.6967383857e-01
6.9000000000e+01,3.6711983359e-01,5.9283396735e-01,1.8209211836e-02,5.9070806910e-03,9.5371571790e-03,4.2390465736e-03,2.1537027757e-03,2.2208041782e+00,3.5265059265e-01,3.6803293414e-01
6.9500000000e+01,3.6553210091e-01,5.9415467220e-01,1.8512410947e-02,5.9017175135e-03,9.5869265000e-03,4.1631299897e-03,2.1490419333e-03,2.2216870898e+00,3.5030161024e-01,3.6650504957e-01
7.0000000000e+01,3.6006456501e-01,5.9960196203e-01,1.8609919667e-02,5.9351143516e-03,9.6353644285e-03,4.0464280228e-03,2.1066464903e-03,2.2157604125e+00,3.4415813877e-01,3.6109370667e-01
7.0500000000e+01,3.5648904412e-01,6.0254236722e-01,1.9089322694e-02,6.0502646260e-03,9.7530056794e-03,3.9909402323e-03,2.0850554276e-03,2.2203703320e+00,3.3985634260e-01,3.5757889364e-01
7.1000000000e+01,3.5078466261e-01,6.0782790841e-01,1.9452982429e-02,6.1313884461e-03,9.8058051143e-03,3.9352791895e-03,2.0619738014e-03,2.2203294089e+00,3.3349270748e-01,3.5193258853e-01
7.1500000000e+01,3.4570141352e-01,6.1263748576e-01,1.9773188943e-02,6.1576815729e-03,9.8341452437e-03,3.8557124933e-03,2.0403724624e-03,2.2181073850e+00,3.2772609289e-01,3.4691055621e-01
7.2000000000e+01,3.4255435264e-01,6.1553633659e-01,2.0099308159e-02,6.1611625783e-03,9.8733113136e-03,3.7730719829e-03,2.0024567347e-03,2.2155901099e+00,3.2387134615e-01,3.4382772040e-01
7.2500000000e+01,3.4047245785e-01,6.1729949883e-01,2.0475457511e-02,6.1704454253e-03,9.9265378230e-03,3.6815139498e-03,1.9740886183e-03,2.2147442725e+00,3.2103909563e-01,3.4181446253e-01
7.3000000000e+01,3.3754958162e-01,6.1962730914e-01,2.1033313002e-02,6.2218850499e-03,9.9987270917e-03,3.6221044507e-03,1.9470796438e-03,2.2172711143e+00,3.1740889039e-01,3.3895900747e-01
7.3500000000e+01,3.3269277100e-01,6.2446495739e-01,2.1069616135e-02,6.2081307293e-03,1.0161571808e-02,3.5071295247e-03,1.8958234101e-03,2.2107200716e+00,3.1192654180e-01,3.3416588623e-01
7.4000000000e+01,3.2751398698e-01,6.2954191061e-01,2.1344999308e-02,6.1647719047e-03,1.0178382296e-02,3.3913118523e-03,1.8646370446e-03,2.2048831854e+00,3.0610653547e-01,3.2905387393e-01
7.4500000000e+01,3.2413213600e-01,6.3274668737e-01,2.1679434637e-02,6.1865879296e-03,1.0152633700e-02,3.3072277406e-03,1.7952926168e-03,2.1998073941e+00,3.0208651258e-01,3.2574006623e-01
7.5000000000e+01,3.2018564737e-01,6.3640731887e-01,2.2099036416e-02,6.1808839669e-03,1.0121519294e-02,3.2317951769e-03,1.7737989148e-03,2.1971973568e+00,2.9752530519e-01,3.2186185947e-01
7.5500000000e+01,3.1835585973e-01,6.3782784322e-01,2.2550012724e-02,6.3214695172e-03,1.0114673870e-02,3.1102500110e-03,1.7198909254e-03,2.1968296139e+00,2.9501134400e-01,3.2010707072e-01
7.6000000000e+01,3.1410213546e-01,6.4214426731e-01,2.2592390286e-02,6.2991964313e-03,1.0198091203e-02,3.0036588905e-03,1.6602604227e-03,2.1876876830e+00,2.9026368564e-01,3.1591618428e-01
7.6500000000e+01,3.1320575095e-01,6.4255427835e-01,2.2974721054e-02,6.3122784551e-03,1.0402339587e-02,2.8975788831e-03,1.6530527244e-03,2.1900112560e+00,2.8874597667e-01,3.1509340153e-01
7.7000000000e+01,3.0684159446e-01,6.4891165557e-01,2.3147615718e-02,6.2948973113e-03,1.0415156412e-02,2.7765383994e-03,1.6125421306e-03,2.1797107651e+00,2.8202774430e-01,3.0878559013e-01
7.7500000000e+01,3.0288890240e-01,6.5281287842e-01,2.3391839187e-02,6.2258588997e-03,1.0400877646e-02,2.6906305108e-03,1.5890129397e-03,2.1724052004e+00,2.7767161649e-01,3.0489424496e-01
7.8000000000e+01,3.0184826605e-01,6.5388418229e-01,2.3406995216e-02,6.2665328336e-03,1.0444132944e-02,2.5811954087e-03,1.5686952596e-03,2.1687158126e+00,2.7608243358e-01,3.0392802710e-01
7.8500000000e+01,3.0133914450e-01,6.5372252072e-01,2.4108817530e-02,6.3446743414e-03,1.0502324981e-02,2.4662233219e-03,1.5162946088e-03,2.1706588906e+00,2.7507149095e-01,3.0349115486e-01
7.9000000000e+01,3.0023495025e-01,6.5479915544e-01,2.4254207490e-02,6.3193076968e-03,1.0541525824e-02,2.3484876304e-03,1.5023656759e-03,2.1670540564e+00,2.7352338291e-01,3.0245690450e-01
7.9500000000e+01,2.9808620788e-01,6.5689564563e-01,2.4366117949e-02,6.3070673640e-03,1.0596455206e-02,2.2645838862e-03,1.4839220866e-03,2.1620952213e+00,2.7109167995e-01,3.0036656259e-01
8.0000000000e+01,2.9807922806e-01,6.5696175357e-01,2.4477781058e-02,6.2134055558e-03,1.0647437523e-02,2.1628351345e-03,1.4575591013e-03,2.1567589713e+00,2.7068824818e-01,3.0042931349e-01
8.0500000000e+01,2.9450302320e-01,6.6035020997e-01,2.4858536015e-02,6.1934834144e-03,1.0582930110e-02,2.0742211296e-03,1.4375961525e-03,2.1499055093e+00,2.6701730898e-01,2.9689936289e-01
8.1000000000e+01,2.9359968800e-01,6.6150782354e-01,2.4855701900e-02,6.1285048541e-03,1.0526753920e-02,1.9792910147e-03,1.4022367710e-03,2.1406643764e+00,2.6591836959e-01,2.9605212621e-01
8.1500000000e+01,2.9469131311e-01,6.6037109214e-01,2.5009182995e-02,6.1604154772e-03,1.0497463812e-02,1.8910225882e-03,1.3795098821e-03,2.1394688787e+00,2.6671613810e-01,2.9721040348e-01
8.2000000000e+01,2.9441921291e-01,6.6082975680e-01,2.5115661735e-02,6.0785888169e-03,1.0415564221e-02,1.7835819380e-03,1.3576335759e-03,2.1315287714e+00,2.6631061441e-01,2.9699292984e-01
8.2500000000e+01,2.9445037447e-01,6.6030601886e-01,2.5657880527e-02,6.0856679399e-03,1.0448313293e-02,1.7057083417e-03,1.3460365603e-03,2.1341811918e+00,2.6621576953e-01,2.9708000372e-01
8.3000000000e+01,2.9439129506e-01,6.6088545894e-01,2.5552050686e-02,5.9419860015e-03,1.0307201533e-02,1.6143578757e-03,1.3076499030e-03,2.1218289983e+00,2.6612204608e-01,2.9707007754e-01
8.3500000000e+01,2.9362040360e-01,6.6179878935e-01,2.5702444982e-02,5.8987956244e-03,1.0166606757e-02,1.5206675295e-03,1.2922921537e-03,2.1152971631e+00,2.6540902916e-01,2.9634205253e-01
8.4000000000e+01,2.9557998885e-01,6.5984445774e-01,2.5885147938e-02,5.8259806422e-03,1.0149614351e-02,1.4333908849e-03,1.2814195941e-03,2.1130649510e+00,2.6735327893e-01,2.9835189892e-01
8.4500000000e+01,2.9237816340e-01,6.6293314153e-01,2.6092744825e-02,5.8193992998e-03,1.0146245154e-02,1.3674485792e-03,1.2628572029e-03,2.1081517510e+00,2.6449728118e-01,2.9516851167e-01
8.5000000000e+01,2.9186151646e-01,6.6312846374e-01,2.6457064574e-02,5.7657456151e-03,1.0236073910e-02,1.2980652222e-03,1.2530704794e-03,2.1073982957e+00,2.6424768780e-01,2.9467841614e-01
8.5500000000e+01,2.9432276279e-01,6.6070077943e-01,2.6564316324e-02,5.7303816344e-03,1.0230863535e-02,1.2183438156e-03,1.2325524745e-03,2.1052640607e+00,2.6687126869e-01,2.9717750453e-01
8.6000000000e+01,2.9625882944e-01,6.5871130044e-01,2.6900936945e-02,5.6514947394e-03,1.0125784739e-02,1.1436811700e-03,1.2079725222e-03,2.1004489626e+00,2.6909786595e-01,2.9913885729e-01
8.6500000000e+01,2.9575544568e-01,6.5891409497e-01,2.7280346777e-02,5.6040911057e-03,1.0170067043e-02,1.0813146907e-03,1.1946397275e-03,2.0994294193e+00,2.6903060428e-01,2.9864906902e-01
8.7000000000e+01,2.9662714121e-01,6.5816917309e-01,2.7419301724e-02,5.5000533835e-03,1.0103514049e-02,1.0068716114e-03,1.1739449296e-03,2.0934237283e+00,2.7034445926e-01,2.9953415784e-01
8.7500000000e+01,2.9584340853e-01,6.5904505711e-01,2.7479614941e-02,5.3846066920e-03,1.0141893657e-02,9.3947570749e-04,1.1659433624e-03,2.0865673137e+00,2.7016577619e-01,2.9874745298e-01
8.8000000000e+01,3.0021385107e-01,6.5459072383e-01,2.7713160735e-02,5.3368334122e-03,1.0123807734e-02,8.6928503043e-04,1.1523381899e-03,2.0862611999e+00,2.7492684094e-01,3.0313901953e-01
8.8500000000e+01,3.0038152924e-01,6.5394171229e-01,2.8306910485e-02,5.3558157614e-03,1.0036517979e-02,8.2233754410e-04,1.1551767051e-03,2.0881274054e+00,2.7574704648e-01,3.0329944024e-01
8.9000000000e+01,3.0245475269e-01,6.5201102561e-01,2.8282064487e-02,5.2951156519e-03,1.0049836034e-02,7.6427710954e-04,1.1429284204e-03,2.0846787479e+00,2.7844280850e-01,3.0536987963e-01
8.9500000000e+01,3.0569617736e-01,6.4881586294e-01,2.8304586644e-02,5.2060328475e-03,1.0126125226e-02,7.1143902973e-04,1.1397759561e-03,2.0839053157e+00,2.8232052822e-01,3.0860688945e-01
9.0000000000e+01,3.0998317006e-01,6.4422698233e-01,2.8725088856e-02,5.1404699311e-03,1.0088233636e-02,6.7529895371e-04,1.1607562320e-03,2.0883657492e+00,2.8724258089e-01,3.1289291572e-01
9.0500000000e+01,3.1203211219e-01,6.4206378515e-01,2.8988995176e-02,5.1179646386e-03,1.0004447176e-02,6.2586441636e-04,1.1668312495e-03,2.0876655027e+00,2.9009483382e-01,3.1491645518e-01
9.1000000000e+01,3.1643929192e-01,6.3750479697e-01,2.9238508613e-02,5.0351803761e-03,1.0033408612e-02,5.8115728740e-04,1.1676562173e-03,2.0899308005e+00,2.9524883425e-01,3.1930796772e-01
9.1500000000e+01,3.2119321361e-01,6.3264945191e-01,2.9405433994e-02,4.9932466932e-03,1.0057787635e-02,5.3502114223e-04,1.1658450153e-03,2.0915329240e+00,3.0080095801e-01,3.2403767910e-01
9.2000000000e+01,3.2123606892e-01,6.3252057689e-01,2.9530206936e-02,4.9395107761e-03,1.0112073037e-02,4.9067999535e-04,1.1708834478e-03,2.0886578792e+00,3.0183665839e-01,3.2403113007e-01
9.2500000000e+01,3.2144233667e-01,6.3251499586e-01,2.9489931162e-02,4.8506875323e-03,1.0080777846e-02,4.4883312402e-04,1.1724378000e-03,2.0828194559e+00,3.0306629203e-01,3.2418305565e-01
9.3000000000e+01,3.2508498538e-01,6.2868086681e-01,2.9832242889e-02,4.8123670218e-03,9.9870439352e-03,4.1503105091e-04,1.1874629100e-03,2.0839550787e+00,3.0766626140e-01,3.2778001385e-01
9.3500000000e+01,3.2891565113e-01,6.2495976074e-01,2.9861467713e-02,4.7774639889e-03,9.9032193229e-03,3.8501445277e-04,1.1974226511e-03,2.0832336528e+00,3.1248320176e-01,3.3156426201e-01
9.4000000000e+01,3.3202735708e-01,6.2167167567e-01,3.0063753250e-02,4.7229085472e-03,9.9463440861e-03,3.5598206736e-04,1.2119792981e-03,2.0846895543e+00,3.1662277690e-01,3.3461874736e-01
9.4500000000e+01,3.3656533572e-01,6.1778691971e-01,2.9674335866e-02,4.6092697048e-03,9.8493140155e-03,3.2224212694e-04,1.1925828584e-03,2.0767209666e+00,3.2219418880e-01,3.3910048481e-01
9.5000000000e+01,3.4320984220e-01,6.1062174231e-01,3.0208582164e-02,4.5904111410e-03,9.8622915243e-03,3.0005515903e-04,1.2070754937e-03,2.0838678470e+00,3.2984525361e-01,3.4569001352e-01
9.5500000000e+01,3.4756150398e-01,6.0613917404e-01,3.0565793209e-02,4.4837591588e-03,9.7568011954e-03,2.7727294622e-04,1.2156954775e-03,2.0837133053e+00,3.3526827513e-01,3.4997507014e-01
9.6000000000e+01,3.5303920562e-01,6.0089543139e-01,3.0411164605e-02,4.4367769924e-03,9.7338337233e-03,2.5638499160e-04,1.2272026790e-03,2.0826376029e+00,3.4183713249e-01,3.5538295458e-01
9.6500000000e+01,3.5867381614e-01,5.9529128669e-01,3.0377660436e-02,4.4144525098e-03,9.7604865850e-03,2.3754295630e-04,1.2447546780e-03,2.0840514698e+00,3.4856543977e-01,3.6094242115e-01
9.7000000000e+01,3.5997477626e-01,5.9403924361e-01,3.0472503226e-02,4.3387119316e-03,9.6830127031e-03,2.2261874859e-04,1.2691335238e-03,2.0828249125e+00,3.5103814076e-01,3.6215648157e-01
9.7500000000e+01,3.6449720475e-01,5.8958361291e-01,3.0533636441e-02,4.2713654422e-03,9.6010919269e-03,2.1515118814e-04,1.2979373372e-03,2.0831533822e+00,3.5669091634e-01,3.6659559691e-01
9.8000000000e+01,3.6736740662e-01,5.8692416813e-01,3.0479967098e-02,4.2329861572e-03,9.4736469113e-03,2.0760357403e-04,1.3142215041e-03,2.0808854926e+00,3.6070572635e-01,3.6937492513e-01
9.8500000000e+01,3.7392151766e-01,5.8092682387e-01,3.0259151724e-02,4.1103329279e-03,9.2633269527e-03,1.9921744647e-04,1.3196294194e-03,2.0756509778e+00,3.6839765553e-01,3.7584260489e-01
9.9000000000e+01,3.7696701474e-01,5.7847068190e-01,2.9976040612e-02,4.0103396763e-03,9.0597180861e-03,1.9430159135e-04,1.3219033857e-03,2.0686953712e+00,3.7262261018e-01,3.7879120200e-01
9.9500000000e+01,3.8189514649e-01,5.7360175650e-01,3.0060219763e-02,3.9374056719e-03,8.9661885124e-03,1.9493272868e-04,1.3443503397e-03,2.0690411711e+00,3.7870956983e-01,3.8362245310e-01
1.0000000000e+02,3.8274082931e-01,5.7272326301e-01,3.0155415615e-02,3.8601891484e-03,8.9568510815e-03,1.9720795592e-04,1.3662438784e-03,2.0712718874e+00,3.8075016812e-01,3.8436166175e-01

# METADATA: {"audit_maes": {"2": 0.002427526009102575, "3": 0.00022270471783419364}, "audit_mae_k_target": 1.4682072397557826e-05, "config_sha256": "85ed4115d72b", "provenance": "Hardened_JPCL_Resubmission_v1.3"}
