time_fs,pop_site1_L9,pop_site2_L9,pop_site1_L10,pop_site2_L10,pop_site1_L11,pop_site2_L11
0.0,1.0,0.0,1.0,0.0,1.0,0.0
0.5,0.9999775284476151,2.2471552384953055e-05,0.9999775284476151,2.2471552384953055e-05,0.9999775284476151,2.2471552384953055e-05
1.0,0.9999087469687383,9.125303126145687e-05,0.9999087469687383,9.125303126145687e-05,0.9999087469687383,9.125303126145687e-05
1.5,0.9997914800282386,0.00020851997176110979,0.9997914800282386,0.00020851997176110979,0.9997914800282386,0.00020851997176110979
2.0,0.9996238000660315,0.000376199933968343,0.9996238000660315,0.000376199933968343,0.9996238000660315,0.000376199933968343
2.5,0.999406528652115,0.000593471347885246,0.999406528652115,0.000593471347885246,0.999406528652115,0.000593471347885246
3.0,0.9991412371194553,0.0008587628805448933,0.9991412371194553,0.0008587628805448933,0.9991412371194553,0.0008587628805448933
3.5,0.9988218593298024,0.0011781406701975455,0.9988218593298024,0.0011781406701975455,0.9988218593298024,0.0011781406701975455
4.0,0.9984482222257169,0.0015517777742829863,0.9984482222257169,0.0015517777742829863,0.9984482222257169,0.0015517777742829863
4.5,0.9980225391547788,0.001977460845221008,0.9980225391547788,0.001977460845221008,0.9980225391547788,0.001977460845221008
5.0,0.9975429318409601,0.0024570681590397564,0.9975429318409601,0.0024570681590397564,0.9975429318409601,0.0024570681590397564
5.5,0.9969996005211853,0.0030003994788151108,0.9969996005211853,0.0030003994788151108,0.9969996005211853,0.0030003994788151108
6.0,0.9963970137043325,0.0036029862956677887,0.9963970137043325,0.0036029862956677887,0.9963970137043325,0.0036029862956677887
6.5,0.9957337916194227,0.004266208380577277,0.9957337916194227,0.004266208380577277,0.9957337916194227,0.004266208380577277
7.0,0.9950050377101365,0.0049949622898634366,0.9950050377101365,0.0049949622898634366,0.9950050377101365,0.0049949622898634366
7.5,0.9942160557602617,0.005783944239738248,0.9942160557602617,0.005783944239738248,0.9942160557602617,0.005783944239738248
8.0,0.9933434601409834,0.006656539859016547,0.9933434601409834,0.006656539859016547,0.9933434601409834,0.006656539859016547
8.5,0.9923857553879278,0.0076142446120724665,0.9923857553879278,0.0076142446120724665,0.9923857553879278,0.0076142446120724665
9.0,0.9913538981627605,0.008646101837239396,0.9913538981627605,0.008646101837239396,0.9913538981627605,0.008646101837239396
9.5,0.990248212088451,0.009751787911549256,0.990248212088451,0.009751787911549256,0.990248212088451,0.009751787911549256
10.0,0.9890652158716876,0.010934784128312433,0.9890652158716876,0.010934784128312433,0.9890652158716876,0.010934784128312433
10.5,0.9878193253017301,0.01218067469826976,0.9878193253017301,0.01218067469826976,0.9878193253017301,0.01218067469826976
11.0,0.9865211422978187,0.013478857702180906,0.9865211422978187,0.013478857702180906,0.9865211422978187,0.013478857702180906
11.5,0.985127689732446,0.01487231026755404,0.985127689732446,0.01487231026755404,0.985127689732446,0.01487231026755404
12.0,0.9836685163902024,0.01633148360979776,0.9836685163902024,0.01633148360979776,0.9836685163902024,0.01633148360979776
12.5,0.982126882510327,0.01787311748967303,0.982126882510327,0.01787311748967303,0.982126882510327,0.01787311748967303
13.0,0.9805027501246332,0.019497249875366853,0.9805027501246332,0.019497249875366853,0.9805027501246332,0.019497249875366853
13.5,0.9788441586767017,0.02115584132329828,0.9788441586767017,0.02115584132329828,0.9788441586767017,0.02115584132329828
14.0,0.977089413462373,0.02291058653762658,0.977089413462373,0.02291058653762658,0.977089413462373,0.02291058653762658
14.5,0.9752395085791757,0.0247604914208243,0.9752395085791757,0.0247604914208243,0.9752395085791757,0.0247604914208243
15.0,0.973220140978267,0.026779859021733052,0.973220140978267,0.026779859021733052,0.973220140978267,0.026779859021733052
15.5,0.9711064488550919,0.02889355114490808,0.9711064488550919,0.02889355114490808,0.9711064488550919,0.02889355114490808
16.0,0.9688771442058932,0.031122855794106934,0.9688771442058932,0.031122855794106934,0.9688771442058932,0.031122855794106934
16.5,0.9665762914020225,0.03342370859797773,0.9665762914020225,0.03342370859797773,0.9665762914020225,0.03342370859797773
17.0,0.9642144581361769,0.03578554186382312,0.9642144581361769,0.03578554186382312,0.9642144581361769,0.03578554186382312
17.5,0.9617221949788229,0.03827780502117691,0.9617221949788229,0.03827780502117691,0.9617221949788229,0.03827780502117691
18.0,0.9590653759552837,0.0409346240447163,0.9590653759552837,0.0409346240447163,0.9590653759552837,0.0409346240447163
18.5,0.9563545152044981,0.043645484795501927,0.9563545152044981,0.043645484795501927,0.9563545152044981,0.043645484795501927
19.0,0.9535640175771048,0.046435982422895414,0.9535640175771048,0.046435982422895414,0.9535640175771048,0.046435982422895414
19.5,0.9506051989748382,0.04939480102516195,0.9506051989748382,0.04939480102516195,0.9506051989748382,0.04939480102516195
20.0,0.9475226545927727,0.05247734540722743,0.9475226545927727,0.05247734540722743,0.9475226545927727,0.05247734540722743
20.5,0.9442688586314436,0.05573114136855629,0.9442688586314436,0.05573114136855629,0.9442688586314436,0.05573114136855629
21.0,0.9410995406954302,0.058900459304569844,0.9410995406954302,0.058900459304569844,0.9410995406954302,0.058900459304569844
21.5,0.9378253562232081,0.0621746437767919,0.9378253562232081,0.0621746437767919,0.9378253562232081,0.0621746437767919
22.0,0.9342321752707048,0.06576782472929513,0.9342321752707048,0.06576782472929513,0.9342321752707048,0.06576782472929513
22.5,0.9305363851608722,0.06946361483912791,0.9305363851608722,0.06946361483912791,0.9305363851608722,0.06946361483912791
23.0,0.9266956695981602,0.07330433040183976,0.9266956695981602,0.07330433040183976,0.9266956695981602,0.07330433040183976
23.5,0.9227110855940694,0.07728891440593057,0.9227110855940694,0.07728891440593057,0.9227110855940694,0.07728891440593057
24.0,0.9185876430370064,0.08141235696299366,0.9185876430370064,0.08141235696299366,0.9185876430370064,0.08141235696299366
24.5,0.9142751551818924,0.08572484481810762,0.9142751551818924,0.08572484481810762,0.9142751551818924,0.08572484481810762
25.0,0.9097902043388225,0.09020979566117779,0.9097902043388225,0.09020979566117779,0.9097902043388225,0.09020979566117779
25.5,0.9052263755779937,0.09477362442200643,0.9052263755779937,0.09477362442200643,0.9052263755779937,0.09477362442200643
26.0,0.9006687645735323,0.09933123542646749,0.9006687645735323,0.09933123542646749,0.9006687645735323,0.09933123542646749
26.5,0.8961603242391605,0.1038396757608395,0.8961603242391605,0.1038396757608395,0.8961603242391605,0.1038396757608395
27.0,0.8916336047866192,0.10836639521338096,0.8916336047866192,0.10836639521338096,0.8916336047866192,0.10836639521338096
27.5,0.8869463002247354,0.11305369977526447,0.8869463002247354,0.11305369977526447,0.8869463002247354,0.11305369977526447
28.0,0.8821936806249504,0.11780631937504975,0.8821936806249504,0.11780631937504975,0.8821936806249504,0.11780631937504975
28.5,0.8772267171522841,0.12277328284771584,0.8772267171522841,0.12277328284771584,0.8772267171522841,0.12277328284771584
29.0,0.8715851282274492,0.12841487177255073,0.8715851282274492,0.12841487177255073,0.8715851282274492,0.12841487177255073
29.5,0.8652494546731572,0.13475054532684275,0.8652494546731572,0.13475054532684275,0.8652494546731572,0.13475054532684275
30.0,0.858632108383796,0.14136789161620406,0.858632108383796,0.14136789161620406,0.858632108383796,0.14136789161620406
30.5,0.852099779140636,0.1479002208593644,0.852099779140636,0.1479002208593644,0.852099779140636,0.1479002208593644
31.0,0.8454773970428702,0.15452260295713033,0.8454773970428702,0.15452260295713033,0.8454773970428702,0.15452260295713033
31.5,0.8388301672126336,0.1611698327873665,0.8388301672126336,0.1611698327873665,0.8388301672126336,0.1611698327873665
32.0,0.8322866446491702,0.16771335535083,0.8322866446491702,0.16771335535083,0.8322866446491702,0.16771335535083
32.5,0.8259141104502091,0.17408588954979082,0.8259141104502091,0.17408588954979082,0.8259141104502091,0.17408588954979082
33.0,0.8194673738523897,0.18053262614761026,0.8194673738523897,0.18053262614761026,0.8194673738523897,0.18053262614761026
33.5,0.8133163577927008,0.18668364220729916,0.8133163577927008,0.18668364220729916,0.8133163577927008,0.18668364220729916
34.0,0.8073406913293316,0.19265930867066833,0.8073406913293316,0.19265930867066833,0.8073406913293316,0.19265930867066833
34.5,0.8018715039884818,0.19812849601151813,0.8018715039884818,0.19812849601151813,0.8018715039884818,0.19812849601151813
35.0,0.7963456817516337,0.2036543182483661,0.7963456817516339,0.20365431824836616,0.7963456817516339,0.20365431824836616
35.5,0.791025287141486,0.20897471285851377,0.791025287141486,0.2089747128585137,0.791025287141486,0.2089747128585137
36.0,0.7854892471365958,0.21451075286340415,0.7854892471365963,0.2145107528634042,0.7854892471365963,0.2145107528634042
36.5,0.7796437608564247,0.2203562391435757,0.7796437608564245,0.22035623914357552,0.7796437608564245,0.22035623914357552
37.0,0.7734751009843777,0.22652489901562273,0.7734751009843774,0.2265248990156226,0.7734751009843774,0.2265248990156226
37.5,0.7675677055047861,0.23243229449521374,0.7675677055047861,0.2324322944952137,0.7675677055047861,0.2324322944952137
38.0,0.7617259129832019,0.23827408701679773,0.7617259129832025,0.23827408701679778,0.7617259129832025,0.23827408701679778
38.5,0.7560337287182034,0.24396627128179685,0.7560337287182034,0.24396627128179685,0.7560337287182034,0.24396627128179685
39.0,0.7504471258535006,0.24955287414649915,0.7504471258535009,0.24955287414649927,0.7504471258535009,0.24955287414649927
39.5,0.7449447782023033,0.2550552217976969,0.7449447782023032,0.2550552217976968,0.7449447782023032,0.2550552217976968
40.0,0.739825592991761,0.26017440700823924,0.7398255929917605,0.26017440700823924,0.7398255929917605,0.26017440700823924
40.5,0.7350683515359445,0.26493164846405526,0.7350683515359445,0.26493164846405537,0.7350683515359445,0.26493164846405537
41.0,0.7303344582957442,0.26966554170425566,0.7303344582957442,0.2696655417042558,0.7303344582957442,0.2696655417042558
41.5,0.725835690267152,0.2741643097328476,0.725835690267152,0.2741643097328479,0.725835690267152,0.2741643097328479
42.0,0.7217326127223064,0.27826738727769346,0.7217326127223064,0.27826738727769373,0.7217326127223064,0.27826738727769373
42.5,0.7175998780125783,0.28240012198742187,0.7175998780125777,0.2824001219874221,0.7175998780125777,0.2824001219874221
43.0,0.7135866834492184,0.2864133165507814,0.7135866834492178,0.2864133165507819,0.7135866834492178,0.2864133165507819
43.5,0.7094430387490739,0.2905569612509258,0.7094430387490734,0.2905569612509264,0.7094430387490734,0.2905569612509264
44.0,0.7053295634149082,0.29467043658509195,0.7053295634149073,0.29467043658509257,0.7053295634149073,0.29467043658509257
44.5,0.7011152417336036,0.2988847582663967,0.7011152417336024,0.29888475826639743,0.7011152417336024,0.29888475826639743
45.0,0.696618368669554,0.3033816313304465,0.6966183686695525,0.3033816313304473,0.6966183686695525,0.3033816313304473
45.5,0.6918075564686118,0.3081924435313883,0.6918075564686109,0.3081924435313895,0.6918075564686109,0.3081924435313895
46.0,0.6862236892268524,0.31377631077314744,0.6862236892268511,0.31377631077314894,0.6862236892268507,0.31377631077314877
46.5,0.6808346917604706,0.3191653082395291,0.6808346917604692,0.3191653082395309,0.6808346917604692,0.3191653082395309
47.0,0.6760532452989004,0.32394675470109985,0.6760532452988984,0.3239467547011016,0.6760532452988984,0.3239467547011016
47.5,0.6715199816466526,0.32848001835334734,0.6715199816466505,0.3284800183533495,0.6715199816466505,0.3284800183533494
48.0,0.6667487942260399,0.33325120577396,0.6667487942260374,0.33325120577396244,0.6667487942260378,0.33325120577396244
48.5,0.6622264649791715,0.33777353502082863,0.662226464979169,0.33777353502083146,0.6622264649791686,0.3377735350208311
49.0,0.6577952323115311,0.3422047676884688,0.6577952323115278,0.3422047676884721,0.657795232311528,0.3422047676884718
49.5,0.6542924433709604,0.3457075566290394,0.6542924433709566,0.34570755662904307,0.6542924433709573,0.34570755662904296
50.0,0.6510223090924379,0.3489776909075619,0.6510223090924335,0.3489776909075661,0.6510223090924341,0.348977690907566
50.5,0.6474431646466708,0.3525568353533292,0.6474431646466658,0.35255683535333393,0.6474431646466661,0.3525568353533337
51.0,0.6447670186137614,0.35523298138623866,0.6447670186137557,0.3552329813862443,0.644767018613756,0.35523298138624393
51.5,0.6422046371651203,0.3577953628348799,0.6422046371651141,0.3577953628348861,0.6422046371651144,0.3577953628348857
52.0,0.6393445859695357,0.3606554140304647,0.6393445859695284,0.3606554140304719,0.6393445859695286,0.36065541403047136
52.5,0.6369258929386166,0.3630741070613834,0.6369258929386082,0.3630741070613918,0.6369258929386087,0.36307410706139126
53.0,0.6347080038360435,0.3652919961639565,0.634708003836034,0.3652919961639659,0.6347080038360345,0.36529199616396546
53.5,0.6332413509376102,0.36675864906238953,0.6332413509375995,0.36675864906240047,0.6332413509375999,0.3667586490624
54.0,0.6321141904878332,0.36788580951216676,0.6321141904878209,0.36788580951217903,0.6321141904878212,0.36788580951217864
54.5,0.6314935970887617,0.3685064029112382,0.6314935970887477,0.368506402911252,0.6314935970887483,0.3685064029112514
55.0,0.6305733414094442,0.36942665859055607,0.6305733414094284,0.3694266585905716,0.630573341409429,0.36942665859057117
55.5,0.6285800104968922,0.37141998950310773,0.628580010496875,0.37141998950312516,0.6285800104968753,0.3714199895031245
56.0,0.626343917588743,0.3736560824112573,0.6263439175887231,0.37365608241127723,0.6263439175887234,0.37365608241127657
56.5,0.6239479466372208,0.37605205336277947,0.6239479466371983,0.37605205336280195,0.6239479466371987,0.37605205336280123
57.0,0.6219704947634198,0.37802950523658035,0.6219704947633944,0.37802950523660545,0.6219704947633953,0.37802950523660506
57.5,0.6196866718851947,0.3803133281148055,0.6196866718851661,0.3803133281148338,0.619686671885167,0.38031332811483315
58.0,0.616931858904637,0.38306814109536313,0.6169318589046049,0.38306814109539533,0.6169318589046053,0.3830681410953945
58.5,0.6139430388049699,0.38605696119502997,0.6139430388049341,0.386056961195066,0.613943038804935,0.38605696119506516
59.0,0.6110527179014058,0.3889472820985943,0.6110527179013652,0.3889472820986346,0.6110527179013662,0.3889472820986338
59.5,0.6078601389573723,0.39213986104262727,0.6078601389573272,0.392139861042673,0.6078601389573283,0.39213986104267207
60.0,0.6042206757820411,0.395779324217959,0.6042206757819901,0.39577932421801004,0.6042206757819911,0.39577932421800893
60.5,0.6008443465022321,0.39915565349776805,0.6008443465021748,0.3991556534978253,0.600844346502176,0.399155653497824
61.0,0.5967012361164105,0.4032987638835896,0.5967012361163463,0.40329876388365377,0.5967012361163476,0.4032987638836525
61.5,0.5916197733969093,0.4083802266030908,0.5916197733968375,0.4083802266031622,0.5916197733968391,0.4083802266031609
62.0,0.5870398373127779,0.4129601626872223,0.5870398373126982,0.4129601626873022,0.5870398373126995,0.4129601626873006
62.5,0.5828107333335755,0.41718926666642453,0.5828107333334867,0.41718926666651346,0.5828107333334883,0.41718926666651174
63.0,0.5785390841645731,0.4214609158354271,0.5785390841644741,0.42146091583552586,0.578539084164476,0.421460915835524
63.5,0.574518840753949,0.4254811592460511,0.5745188407538391,0.42548115924616087,0.5745188407538413,0.42548115924615887
64.0,0.5705215178398941,0.4294784821601061,0.5705215178397722,0.4294784821602279,0.5705215178397743,0.4294784821602256
64.5,0.5671457834601561,0.4328542165398441,0.5671457834600208,0.43285421653997913,0.5671457834600236,0.43285421653997663
65.0,0.5644494841383255,0.4355505158616745,0.5644494841381764,0.4355505158618238,0.564449484138179,0.43555051586182103
65.5,0.5622176810517489,0.437782318948251,0.5622176810515841,0.4377823189484161,0.5622176810515871,0.437782318948413
66.0,0.5606714185273198,0.43932858147268,0.5606714185271378,0.4393285814728622,0.5606714185271413,0.4393285814728587
66.5,0.5591242684040268,0.44087573159597343,0.559124268403826,0.44087573159617377,0.5591242684038299,0.4408757315961701
67.0,0.557598684270997,0.4424013157290031,0.5575986842707764,0.4424013157292237,0.5575986842707804,0.4424013157292194
67.5,0.5566314109947664,0.4433685890052334,0.5566314109945237,0.4433685890054763,0.5566314109945284,0.4433685890054719
68.0,0.5564082276077686,0.44359177239223146,0.5564082276075019,0.4435917723924979,0.556408227607507,0.44359177239249303
68.5,0.5573135934259978,0.44268640657400177,0.5573135934257054,0.44268640657429476,0.5573135934257109,0.44268640657428915
69.0,0.5587110760759255,0.4412889239240745,0.5587110760756049,0.44128892392439534,0.5587110760756109,0.4412889239243894
69.5,0.5598794291550736,0.44012057084492645,0.5598794291547219,0.4401205708452781,0.5598794291547285,0.4401205708452716
70.0,0.5602561395182607,0.43974386048173925,0.5602561395178751,0.4397438604821249,0.5602561395178823,0.4397438604821174
70.5,0.560231566135729,0.43976843386427084,0.5602315661353067,0.43976843386469344,0.5602315661353144,0.43976843386468534
71.0,0.5600833466412319,0.4399166533587681,0.5600833466407693,0.43991665335923086,0.560083346640778,0.4399166533592223
71.5,0.5608126765789261,0.43918732342107375,0.5608126765784197,0.43918732342158007,0.5608126765784297,0.43918732342157035
72.0,0.5620086005123037,0.4379913994876965,0.5620086005117501,0.4379913994882502,0.5620086005117613,0.4379913994882392
72.5,0.5637787832601958,0.436221216739804,0.5637787832595907,0.43622121674040926,0.5637787832596027,0.43622121674039704
73.0,0.5660903598652159,0.43390964013478434,0.5660903598645551,0.43390964013544486,0.5660903598645682,0.4339096401354317
73.5,0.5684819416623995,0.4315180583376006,0.568481941661678,0.431518058338322,0.5684819416616927,0.4315180583383074
74.0,0.5706098051546679,0.4293901948453323,0.5706098051538799,0.42939019484612,0.5706098051538963,0.42939019484610375
74.5,0.5724017839118399,0.4275982160881602,0.57240178391098,0.42759821608901993,0.5724017839109976,0.4275982160890022
75.0,0.5745607291677455,0.4254392708322544,0.5745607291668073,0.4254392708331925,0.574560729166827,0.42543927083317307
75.5,0.5773071838164175,0.4226928161835824,0.5773071838153945,0.42269281618460564,0.5773071838154162,0.422692816184584
76.0,0.5796981701514724,0.42030182984852776,0.5796981701503565,0.4203018298496436,0.5796981701503805,0.42030182984961967
76.5,0.5825283244224263,0.4174716755775737,0.5825283244212096,0.41747167557879045,0.5825283244212363,0.4174716755787642
77.0,0.5851495127557439,0.41485048724425605,0.5851495127544172,0.4148504872455827,0.5851495127544467,0.4148504872455535
77.5,0.5880182349369335,0.41198176506306655,0.5880182349354872,0.41198176506451273,0.5880182349355195,0.41198176506448037
78.0,0.5917518420499565,0.4082481579500437,0.591751842048381,0.4082481579516189,0.5917518420484166,0.4082481579515835
78.5,0.5967227044823642,0.40327729551763564,0.5967227044806493,0.4032772955193508,0.5967227044806885,0.40327729551931146
79.0,0.6015927862277337,0.3984072137722661,0.6015927862258655,0.3984072137741341,0.6015927862259093,0.3984072137740905
79.5,0.6064078205756189,0.393592179424381,0.6064078205735839,0.39359217942641583,0.606407820573632,0.3935921794263679
80.0,0.6123354138143094,0.3876645861856907,0.6123354138120941,0.387664586187906,0.6123354138121472,0.3876645861878531
80.5,0.6179909666630806,0.38200903333691916,0.6179909666606671,0.38200903333933306,0.6179909666607256,0.38200903333927444
81.0,0.6247662519433536,0.37523374805664605,0.6247662519407254,0.3752337480592743,0.6247662519407903,0.37523374805920967
81.5,0.6317266484917455,0.3682733515082542,0.6317266484888828,0.36827335151111706,0.6317266484889541,0.36827335151104573
82.0,0.6377622165566502,0.3622377834433495,0.6377622165535269,0.36223778344647295,0.6377622165536057,0.36223778344639423
82.5,0.6442896453939554,0.35571035460604455,0.6442896453905478,0.3557103546094523,0.6442896453906349,0.3557103546093651
83.0,0.6509651016361037,0.34903489836389634,0.6509651016323843,0.34903489836761575,0.6509651016324809,0.34903489836751933
83.5,0.6575377090227149,0.34246229097728526,0.6575377090186518,0.342462290981348,0.657537709018759,0.34246229098124115
84.0,0.6640136802508071,0.33598631974919285,0.664013680246366,0.33598631975363386,0.6640136802464842,0.33598631975351556
84.5,0.6695266913775608,0.33047330862243873,0.669526691372697,0.3304733086273028,0.6695266913728286,0.33047330862717145
85.0,0.67471015088192,0.32528984911807973,0.6747101508765873,0.3252898491234126,0.6747101508767334,0.3252898491232666
85.5,0.6806309814808833,0.31936901851911675,0.6806309814750405,0.3193690185249595,0.6806309814752023,0.31936901852479727
86.0,0.6868600337782176,0.3131399662217823,0.6868600337718159,0.3131399662281839,0.686860033771996,0.31313996622800383
86.5,0.693231578717765,0.3067684212822348,0.6932315787107494,0.30676842128925075,0.6932315787109493,0.30676842128905063
87.0,0.699360357790311,0.30063964220968925,0.6993603577826153,0.300639642217385,0.6993603577828376,0.30063964221716244
87.5,0.7056738740448161,0.294326125955184,0.7056738740363737,0.29432612596362606,0.7056738740366212,0.29432612596337887
88.0,0.7128841583084736,0.28711584169152665,0.7128841582992254,0.28711584170077464,0.7128841582995,0.28711584170050003
88.5,0.7199367329050068,0.28006326709499324,0.7199367328948695,0.2800632671051309,0.7199367328951743,0.28006326710482576
89.0,0.7270525659473356,0.2729474340526644,0.7270525659362217,0.27294743406377814,0.7270525659365608,0.27294743406343924
89.5,0.7343777688633791,0.26562223113662076,0.7343777688511991,0.2656222311488011,0.7343777688515757,0.26562223114842454
90.0,0.7420324695771694,0.25796753042283094,0.7420324695638295,0.2579675304361705,0.7420324695642474,0.25796753043575255
90.5,0.7491045745182295,0.2508954254817704,0.7491045745035984,0.25089542549640154,0.7491045745040631,0.25089542549593685
91.0,0.756302702918141,0.24369729708185894,0.7563027029020996,0.2436972970979004,0.756302702902616,0.243697297097384
91.5,0.7628385187003827,0.2371614812996175,0.7628385186827649,0.23716148131723508,0.7628385186833395,0.23716148131666034
92.0,0.7685097343491335,0.23149026565086678,0.768509734329738,0.23149026567026187,0.7685097343303793,0.23149026566962055
92.5,0.7739397370431668,0.2260602629568333,0.7739397370218025,0.2260602629781974,0.7739397370225184,0.2260602629774815
93.0,0.7796811338948205,0.22031886610517962,0.7796811338713154,0.22031886612868432,0.7796811338721139,0.22031886612788612
93.5,0.7857496091513099,0.2142503908486903,0.7857496091254853,0.2142503908745146,0.7857496091263744,0.2142503908736258
94.0,0.7914093913980751,0.20859060860192527,0.7914093913696735,0.20859060863032675,0.7914093913706641,0.20859060862933584
94.5,0.7970541229534595,0.20294587704654046,0.7970541229222359,0.20294587707776424,0.7970541229233398,0.20294587707666026
95.0,0.8029347992585252,0.1970652007414747,0.8029347992242464,0.1970652007757536,0.802934799225475,0.19706520077452502
95.5,0.8088178773610047,0.19118212263899506,0.8088178773233962,0.19118212267660414,0.8088178773247621,0.19118212267523796
96.0,0.8147371756908139,0.1852628243091864,0.8147371756495863,0.18526282435041402,0.8147371756511044,0.18526282434889604
96.5,0.8200670310974336,0.17993296890256658,0.820067031052161,0.1799329689478389,0.8200670310538509,0.17993296894614927
97.0,0.8246897677875703,0.17531023221242997,0.8246897677377384,0.17531023226226145,0.824689767739624,0.17531023226037612
97.5,0.8289113194313423,0.1710886805686578,0.8289113193764305,0.17108868062356933,0.8289113193785368,0.1710886806214633
98.0,0.833526396886433,0.16647360311356718,0.8335263968260784,0.16647360317392174,0.8335263968284251,0.16647360317157497
98.5,0.8385420943206796,0.16145790567932075,0.8385420942545272,0.16145790574547308,0.8385420942571351,0.16145790574286523
99.0,0.8433265979524966,0.15667340204750324,0.8433265978799778,0.1566734021200223,0.8433265978828763,0.1566734021171238
99.5,0.848258870371238,0.15174112962876213,0.8482588702918861,0.15174112970811396,0.8482588702951024,0.15174112970489798
100.0,0.8533084831608646,0.14669151683913542,0.8533084830741978,0.14669151692580223,0.8533084830777594,0.14669151692224056
100.5,0.8584552522123894,0.14154474778761092,0.8584552521179175,0.1415447478820823,0.858455252121855,0.14154474787814497
101.0,0.8638129617636392,0.1361870382363607,0.8638129616609537,0.13618703833904625,0.8638129616652943,0.1361870383347057
101.5,0.8690217952118031,0.13097820478819697,0.8690217951002873,0.13097820489971287,0.8690217951050684,0.13097820489493156
102.0,0.8740285817465634,0.12597141825343638,0.8740285816255312,0.1259714183744688,0.8740285816307953,0.1259714183692047
102.5,0.8788988301894062,0.12110116981059398,0.8788988300581939,0.12110116994180621,0.8788988300639838,0.12110116993601656
103.0,0.8836543944018088,0.11634560559819127,0.8836543942597606,0.11634560574023932,0.8836543942661204,0.11634560573387999
103.5,0.8883180581599599,0.11168194184003986,0.8883180580064469,0.1116819419935531,0.8883180580134205,0.11168194198657928
104.0,0.8928729558660905,0.10712704413390944,0.8928729557004786,0.10712704429952163,0.8928729557081133,0.10712704429188664
104.5,0.8974011629890617,0.10259883701093883,0.8974011628108676,0.10259883718913246,0.8974011628192055,0.10259883718079464
105.0,0.9016400282120854,0.09835997178791468,0.9016400280204661,0.09835997197953354,0.9016400280295674,0.09835997197043239
105.5,0.9059078656846439,0.0940921343153562,0.9059078654793327,0.09409213452066703,0.9059078654892325,0.0940921345107672
106.0,0.9097760829847256,0.09022391701527421,0.9097760827647038,0.09022391723529637,0.9097760827754755,0.09022391722452433
106.5,0.9133916595541448,0.08660834044585544,0.9133916593186511,0.08660834068134869,0.9133916593303594,0.08660834066964063
107.0,0.9170582610138471,0.08294173898615254,0.9170582607629592,0.08294173923704064,0.9170582607756279,0.08294173922437201
107.5,0.9204421264526728,0.07955787354732727,0.9204421261857458,0.07955787381425408,0.9204421261994381,0.07955787380056224
108.0,0.9237250316136344,0.07627496838636563,0.9237250313306773,0.07627496866932293,0.9237250313454238,0.07627496865457623
108.5,0.9268590929166534,0.07314090708334665,0.9268590926177492,0.07314090738225106,0.9268590926335794,0.07314090736642026
109.0,0.9300643568660465,0.06993564313395355,0.930064356552434,0.06993564344756589,0.9300643565693181,0.06993564343068229
109.5,0.9330868322719492,0.06691316772805114,0.9330868319442759,0.06691316805572405,0.9330868319622126,0.06691316803778762
110.0,0.9359652924657992,0.0640347075342008,0.9359652921252466,0.06403470787475352,0.9359652921442068,0.06403470785579307
110.5,0.9387864805718638,0.061213519428136576,0.938786480220517,0.06121351977948344,0.9387864802404206,0.06121351975957948
111.0,0.9413035228025607,0.05869647719743936,0.9413035224416803,0.05869647755831943,0.9413035224624926,0.05869647753750761
111.5,0.9434735924131437,0.056526407586856016,0.9434735920440958,0.056526407955904204,0.9434735920657741,0.05652640793422558
112.0,0.945526276364292,0.05447372363570767,0.9455262759903287,0.05447372400967124,0.945526276012721,0.05447372398727887
112.5,0.9474080078352685,0.05259199216473142,0.9474080074600225,0.0525919925399774,0.9474080074829485,0.05259199251705157
113.0,0.9491869888811515,0.05081301111884869,0.9491869885095,0.0508130114904997,0.9491869885326975,0.05081301146730241
113.5,0.9508280060339241,0.04917199396607601,0.9508280056713736,0.04917199432862677,0.9508280056945326,0.04917199430546741
114.0,0.9521600446288188,0.04783995537118124,0.9521600442806398,0.04783995571936008,0.9521600443034596,0.04783995569654059
114.5,0.9531711238352524,0.04682887616474771,0.953171123507772,0.04682887649222801,0.9531711235298765,0.04682887647012377
115.0,0.9539182937404623,0.04608170625953767,0.9539182934417867,0.04608170655821331,0.9539182934626756,0.04608170653732455
115.5,0.9543827909152358,0.0456172090847644,0.9543827906550043,0.04561720934499571,0.9543827906740647,0.04561720932593527
116.0,0.9545558072392115,0.04544419276078855,0.9545558070290044,0.04544419297099581,0.9545558070454798,0.04544419295452024
116.5,0.954508271155767,0.045491728844233054,0.9545082710097834,0.04549172899021669,0.9545082710227173,0.04549172897728262
117.0,0.9541570860864839,0.0458429139135164,0.9541570860212869,0.04584291397871325,0.9541570860295404,0.04584291397045979
117.5,0.9534125511735637,0.046587448826436235,0.953412551209055,0.04658744879094494,0.9534125512112368,0.046587448788763364
118.0,0.9524320372431343,0.0475679627568659,0.9524320374031877,0.047567962596812015,0.9524320373975775,0.04756796260242267
118.5,0.9512304931955796,0.04876950680442057,0.9512304935079443,0.048769506492055574,0.9512304934924934,0.04876950650750657
119.0,0.949824245678404,0.05017575432159628,0.9498242461749394,0.05017575382506072,0.9498242461472395,0.05017575385276072
119.5,0.9482192109230748,0.05178078907692536,0.9482192116400723,0.05178078835992751,0.9482192115973157,0.05178078840268419
120.0,0.9463932821335208,0.053606717866479296,0.946393283112457,0.05360671688754342,0.9463932830513692,0.053606716948631165
120.5,0.9442958474501008,0.05570415254989973,0.9442958487389315,0.05570415126106876,0.9442958486556626,0.055704151344337184
121.0,0.9420822699809615,0.05791773001903889,0.9420822716301738,0.05791772836982648,0.9420822715205279,0.05791772847947213
121.5,0.9396803352223004,0.060319664777699684,0.9396803372895013,0.06031966271049848,0.9396803371486179,0.06031966285138151
122.0,0.937107544462743,0.0628924555372571,0.9371075470110772,0.06289245298892292,0.937107546833508,0.0628924531664921
122.5,0.9342320447607304,0.0657679552392692,0.9342320478654832,0.06576795213451701,0.9342320476446964,0.06576795235530407
123.0,0.9311549779184742,0.06884502208152564,0.9311549816590098,0.06884501834099002,0.9311549813879151,0.06884501861208486
123.5,0.9277541236186394,0.07224587638136071,0.9277541280890818,0.07224587191091826,0.9277541277592282,0.07224587224077204
124.0,0.9242543409632538,0.0757456590367461,0.9242543462542551,0.07574565374574496,0.9242543458571272,0.07574565414287296
124.5,0.9206735179842033,0.07932648201579713,0.9206735241920052,0.07932647580799485,0.9206735237183523,0.07932647628164775
125.0,0.9170731845397725,0.08292681546022773,0.9170731917625842,0.0829268082374164,0.9170731912026736,0.08292680879732618
125.5,0.9132319584795284,0.08676804152047174,0.913231966840327,0.08676803315967335,0.9132319661821447,0.08676803381785565
126.0,0.909314231723098,0.09068576827690213,0.909314241340217,0.09068575865978291,0.9093142405716975,0.09068575942830244
126.5,0.9052844625642261,0.09471553743577378,0.9052844735674311,0.09471552643256849,0.9052844726751784,0.09471552732482104
127.0,0.9012637643315162,0.0987362356684838,0.9012637768460927,0.09873622315390701,0.9012637758166339,0.0987362241833662
127.5,0.8971185727652657,0.10288142723473395,0.8971185869387879,0.10288141306121183,0.8971185857563592,0.10288141424364074
128.0,0.8929147390987585,0.10708526090124118,0.8929147550799061,0.10708524492009396,0.8929147537281432,0.10708524627185685
128.5,0.8888046275083089,0.11119537249169133,0.8888046454327354,0.1111953545672645,0.8888046438958749,0.11119535610412497
129.0,0.8844646188266143,0.11553538117338599,0.8844646388829543,0.1155353611170457,0.8844646371401567,0.11553536285984294
129.5,0.8798338630421954,0.12016613695780497,0.8798338854417459,0.12016611455825439,0.8798338834695327,0.12016611653046719
130.0,0.8749821234590605,0.12501787654093965,0.8749821484163149,0.12501785158368534,0.8749821461901995,0.1250178538098003
130.5,0.870001595108877,0.12999840489112297,0.8700016228355807,0.12999837716441945,0.8700016203305904,0.12999837966941005
131.0,0.8648455775894213,0.13515442241057896,0.8648456083180239,0.13515439168197632,0.86484560550656,0.13515439449343994
131.5,0.8592716942932491,0.14072830570675107,0.859271728317295,0.14072827168270519,0.859271725165317,0.14072827483468328
132.0,0.8536414427335148,0.14635855726648517,0.8536414802894269,0.1463585197105734,0.8536414767672531,0.14635852323274745
132.5,0.8478332272802117,0.15216677271978843,0.8478332686402137,0.15216673135978634,0.8478332647139609,0.1521667352860392
133.0,0.8424909042541089,0.157509095745891,0.8424909495536822,0.15750905044631788,0.8424909452016622,0.15750905479833796
133.5,0.8372847880659688,0.16271521193403124,0.837284837515257,0.16271516248474296,0.8372848327080249,0.162715167291975
134.0,0.8320528200897527,0.1679471799102476,0.8320528739440256,0.1679471260559745,0.8320528686469579,0.16794713135304226
134.5,0.8263147431540954,0.17368525684590463,0.8263148018044131,0.1736851981955871,0.8263147959685099,0.17368520403149007
135.0,0.8201090846198603,0.1798909153801396,0.8201091484677338,0.17989085153226664,0.8201091420416474,0.17989085795835313
135.5,0.8137975537819672,0.18620244621803286,0.8137976231459876,0.1862023768540126,0.8137976160854564,0.18620238391454386
136.0,0.8073873295506907,0.1926126704493095,0.8073874047569621,0.19261259524303795,0.8073873970158835,0.19261260298411614
136.5,0.8006038495029844,0.19939615049701556,0.8006039309697301,0.19939606903026957,0.8006039224913383,0.19939607750866123
137.0,0.7937019889879444,0.20629801101205542,0.7937020770675435,0.20629792293245633,0.7937020678006155,0.2062979321993846
137.5,0.7863991016024973,0.21360089839750301,0.786399196745198,0.21360080325480216,0.7863991866269756,0.2136008133730245
138.0,0.7787828474971866,0.22121715250281357,0.7787829501352002,0.22121704986479998,0.778782939103422,0.22121706089657822
138.5,0.7706652972631808,0.2293347027368187,0.7706654078980903,0.22933459210190985,0.7706653958816271,0.22933460411837306
139.0,0.7631523649068569,0.23684763509314302,0.7631524836667847,0.23684751633321563,0.7631524706338754,0.2368475293661248
139.5,0.7556926707107572,0.24430732928924295,0.7556927979082982,0.24430720209170198,0.7556927838062898,0.24430721619371065
140.0,0.7489982450124032,0.25100175498759697,0.7489983807063814,0.2510016192936187,0.7489983655099925,0.25100163449000773
140.5,0.7418598743668136,0.2581401256331865,0.7418600190456714,0.25813998095432866,0.7418600026808333,0.258139997319167
141.0,0.7348537617122354,0.26514623828776485,0.7348539156551699,0.2651460843448304,0.7348538980702012,0.2651461019297991
141.5,0.7274287795155013,0.2725712204844985,0.7274289432041862,0.2725710567958135,0.7274289243231828,0.272571075676817
142.0,0.7196060598260727,0.2803939401739275,0.7196062337314506,0.2803937662685493,0.7196062134783744,0.2803937865216259
142.5,0.7115078397311825,0.28849216026881797,0.7115080242719478,0.2884919757280519,0.7115080025755345,0.28849199742446535
143.0,0.7022313129997546,0.29776868700024517,0.7022315089233305,0.2977684910766693,0.7022314856722653,0.29776851432773443
143.5,0.6919460804007178,0.308053919599282,0.6919462883594882,0.3080537116405118,0.6919462634519652,0.308053736548035
144.0,0.6818766627869539,0.3181233372130464,0.6818768829448467,0.3181231170551535,0.6818768563363656,0.31812314366363503
144.5,0.6715766159276753,0.3284233840723248,0.6715768485926715,0.32842315140732864,0.6715768202209441,0.32842317977905583
145.0,0.6612310347260985,0.3387689652739017,0.6612312801093574,0.3387687198906427,0.6612312499234259,0.3387687500765743
145.5,0.650321999203331,0.34967800079666855,0.650322257662936,0.3496777423370641,0.6503222255933837,0.3496777744066162
146.0,0.6387730726670853,0.36122692733291456,0.6387733445258084,0.36122665547419175,0.6387733105072348,0.3612266894927649
146.5,0.6268146974984478,0.3731853025015525,0.626814982938394,0.37318501706160595,0.6268149469227785,0.3731850530772215
147.0,0.6144270970849187,0.3855729029150813,0.6144273962234534,0.38557260377654684,0.6144273581712127,0.3855726418287874
147.5,0.6018679319936687,0.39813206800633144,0.6018682448043237,0.3981317551956763,0.601868204694634,0.3981317953053663
148.0,0.5889637212022274,0.4110362787977728,0.588964047633383,0.4110359523666171,0.5889640054495551,0.4110359945504451
148.5,0.576335664530415,0.42366433546958493,0.576336004320036,0.4236639956799641,0.5763359600735346,0.4236640399264653
149.0,0.5634461885136652,0.43655381148633454,0.5634465414661877,0.43655345853381217,0.5634464951612176,0.4365535048387823
149.5,0.5499791679368851,0.45002083206311466,0.5499795338196253,0.45002046618037467,0.5499794854666831,0.4500205145333167
150.0,0.5363852581517918,0.4636147418482081,0.536385636553653,0.463614363446347,0.5363855861886173,0.4636144138113825
150.5,0.522672484581119,0.47732751541888113,0.5226728750122146,0.4773271249877853,0.5226728226834196,0.4773271773165803
151.0,0.5092847535701678,0.49071524642983244,0.5092851554512636,0.49071484454873626,0.5092851012210888,0.4907148987789111
151.5,0.49644009829147,0.5035599017085299,0.49644051103273223,0.5035594889672678,0.4964404549669855,0.5035595450330144
152.0,0.4839223339745651,0.5160776660254348,0.4839227569946474,0.5160772430053526,0.4839226991598685,0.5160773008401316
152.5,0.471346361454919,0.5286536385450809,0.47134679412384883,0.5286532058761513,0.4713467345952882,0.5286532654047117
153.0,0.45865524145194414,0.5413447585480557,0.4586556830653304,0.5413443169346698,0.4586556219308043,0.5413443780691959
153.5,0.4458949312513055,0.5541050687486944,0.44589538104152354,0.5541046189584765,0.4458953183999601,0.55410468160004
154.0,0.43320054256508,0.5667994574349202,0.43320099973225484,0.5667990002677454,0.43320093568948115,0.5667990643105187
154.5,0.4196017101158833,0.5803982898841168,0.4196021735112485,0.5803978264887513,0.4196021082249023,0.5803978917750977
155.0,0.40658513653616685,0.5934148634638331,0.4065856053358982,0.593414394664102,0.40658553892085103,0.5934144610791492
155.5,0.3937802379371165,0.6062197620628837,0.3937807112196184,0.6062192887803818,0.3937806438065898,0.6062193561934102
156.0,0.38104475318621595,0.6189552468137842,0.38104522995138845,0.618954770048612,0.38104516168462615,0.6189548383153737
156.5,0.3681390259841915,0.6318609740158085,0.3681395050640528,0.6318604949359475,0.3681394361144741,0.6318605638855259
157.0,0.3554206777699645,0.6445793222300356,0.35542115813516517,0.6445788418648348,0.3554210886563325,0.6445789113436678
157.5,0.342543222787708,0.6574567772122923,0.3425437031675652,0.6574562968324349,0.34254363335040866,0.6574563666495912
158.0,0.3294770273611262,0.6705229726388735,0.32947750638762574,0.6705224936123743,0.32947743644000704,0.6705225635599933
158.5,0.31625784593436185,0.6837421540656384,0.3162583221823348,0.6837416778176656,0.3162582523233962,0.6837417476766036
159.0,0.30330467941010353,0.6966953205898961,0.30330515175139977,0.6966948482486003,0.30330508215925184,0.6966949178407486
159.5,0.29091555043667305,0.7090844495633273,0.2909160180603542,0.7090839819396454,0.2909159488678785,0.7090840511321214
160.0,0.27901261135631744,0.7209873886436828,0.27901307347445864,0.7209869265255411,0.27901300481210134,0.7209869951878988
160.5,0.26733032909704396,0.7326696709029562,0.2673307847173541,0.7326692152826461,0.26733071674705816,0.7326692832529417
161.0,0.25655963301659157,0.7434403669834082,0.2565600819801982,0.7434399180198019,0.2565600147402746,0.7434399852597252
161.5,0.24656117552936552,0.7534388244706345,0.24656161769473472,0.7534383823052649,0.24656155122038548,0.7534384487796145
162.0,0.23680398719394977,0.7631960128060501,0.23680442189157788,0.7631955781084223,0.23680435629737606,0.7631956437026244
162.5,0.227849055179293,0.7721509448207071,0.22784948253559448,0.7721505174644058,0.22784941781610363,0.7721505821838963
163.0,0.21899368389075366,0.7810063161092469,0.21899410320963558,0.7810058967903644,0.21899403948369994,0.7810059605163
163.5,0.21038154473447096,0.7896184552655292,0.21038195554329736,0.7896180444567027,0.21038189289649314,0.789618107103507
164.0,0.20214113487078905,0.7978588651292104,0.20214153693581438,0.7978584630641856,0.20214147541757327,0.7978585245824263
164.5,0.19409584248796005,0.8059041575120403,0.19409623537360915,0.8059037646263907,0.19409617506438118,0.8059038249356187
165.0,0.18651365380725296,0.8134863461927468,0.18651403754175447,0.8134859624582456,0.1865139784509632,0.8134860215490366
165.5,0.17900890630640795,0.820991093693592,0.1790092803734135,0.8209907196265868,0.1790092225942232,0.8209907774057764
166.0,0.17176430568297885,0.8282356943170214,0.1717646698948498,0.8282353301051504,0.17176461346999575,0.8282353865300042
166.5,0.16500574372979518,0.8349942562702047,0.16500609834375293,0.8349939016562472,0.1650060432469132,0.8349939567530869
167.0,0.15874942728267855,0.8412505727173214,0.15874977266961446,0.8412502273303853,0.15874971885625463,0.8412502811437453
167.5,0.1531410554239757,0.8468589445760245,0.1531413923072061,0.8468586076927938,0.15314133967713636,0.846858660322864
168.0,0.14746798291305585,0.8525320170869443,0.1474683107954485,0.8525316892045516,0.1474682594387055,0.8525317405612943
168.5,0.1421670051908656,0.8578329948091343,0.14216732439883825,0.8578326756011618,0.14216727427688186,0.8578327257231182
169.0,0.13724809506240496,0.8627519049375952,0.13724840600294075,0.8627515939970594,0.13724835706427949,0.8627516429357205
169.5,0.132405411046163,0.867594588953837,0.1324057135880535,0.8675942864119465,0.13240566586585567,0.8675943341341446
170.0,0.12771435972265655,0.8722856402773432,0.1277146539045702,0.8722853460954298,0.1277146074054436,0.8722853925945565
170.5,0.12299423292457498,0.8770057670754248,0.12299451845359015,0.8770054815464097,0.12299447323684634,0.8770055267631538
171.0,0.11840433943126168,0.8815956605687382,0.11840461634862856,0.8815953836513714,0.11840457242106082,0.881595427578939
171.5,0.1139076330474193,0.8860923669525805,0.11390790134600458,0.8860920986539963,0.11390785872225745,0.8860921412777424
172.0,0.10954249981008851,0.8904575001899114,0.10954275958971178,0.890457240410288,0.1095427182675752,0.8904572817324251
172.5,0.10541745557104085,0.8945825444289599,0.10541770718821854,0.8945822928117818,0.10541766712470849,0.8945823328752914
173.0,0.10159695490533678,0.8984030450946635,0.10159719889743189,0.898402801102568,0.10159716002069279,0.8984028399793071
173.5,0.09798654218940546,0.9020134578105945,0.09798677893332029,0.9020132210666795,0.09798674119717575,0.902013258802824
174.0,0.09452919510240776,0.9054708048975926,0.09452942488413679,0.9054705751158635,0.09452938825703305,0.9054706117429673
174.5,0.09105132534202938,0.9089486746579705,0.09105154809194979,0.9089484519080501,0.0910515125990312,0.9089484874009688
175.0,0.08782260138119147,0.9121773986188083,0.08782281764371698,0.9121771823562828,0.087822783212249,0.9121772167877512
175.5,0.08481627635273631,0.9151837236472639,0.08481648665064027,0.9151835133493595,0.08481645321153629,0.9151835467884635
176.0,0.08194081171243305,0.9180591882875672,0.08194101639283582,0.9180589836071642,0.08194098390505805,0.9180590160949417
176.5,0.07915880933968389,0.9208411906603161,0.0791590086879583,0.9208409913120414,0.07915897712030863,0.9208410228796913
177.0,0.07650315646829652,0.9234968435317036,0.07650335086729447,0.9234966491327059,0.0765033201731702,0.9234966798268298
177.5,0.07386535467640708,0.9261346453235929,0.0738655442741043,0.9261344557258958,0.07386551444390185,0.926134485556098
178.0,0.07123417366506851,0.9287658263349319,0.07123435859277191,0.9287656414072283,0.07123432961907669,0.9287656703809233
178.5,0.068744374624925,0.9312556253750749,0.06874455534855932,0.9312554446514405,0.06874452717111607,0.931255472828884
179.0,0.06663916871827316,0.9333608312817266,0.06663934633519474,0.9333606536648054,0.0666393187959065,0.9333606812040933
179.5,0.06456875917899761,0.9354312408210023,0.06456893396659243,0.9354310660334075,0.06456890703561222,0.935431092964388
180.0,0.06266535453655597,0.937334645463444,0.06266552712260066,0.9373344728773997,0.06266550071604755,0.9373344992839523
180.5,0.06083951451967629,0.9391604854803238,0.06083968533235708,0.9391603146676428,0.060839659397220476,0.9391603406027796
181.0,0.059077363305666604,0.9409226366943334,0.05907753275407531,0.9409224672459249,0.059077507240108074,0.9409224927598919
181.5,0.0573818253564109,0.9426181746435894,0.05738199387514353,0.9426180061248566,0.05738196872810131,0.9426180312718988
182.0,0.05569563496340968,0.9443043650365903,0.055695802841057025,0.9443041971589429,0.05569577802799843,0.9443042219720015
182.5,0.05394585309246552,0.9460541469075344,0.05394602040293734,0.9460539795970626,0.05394599592116512,0.9460540040788348
183.0,0.05242311782471591,0.9475768821752838,0.05242328549853313,0.9475767145014669,0.052423261218961674,0.9475767387810385
183.5,0.05107019421897088,0.9489298057810291,0.05107036307890663,0.9489296369210938,0.05107033888930122,0.9489296611106989
184.0,0.04981794415249365,0.9501820558475066,0.04981811485210068,0.9501818851478994,0.04981809066507986,0.9501819093349201
184.5,0.048761987702324615,0.9512380122976755,0.04876216126011163,0.9512378387398882,0.04876213693724847,0.9512378630627519
185.0,0.047829220720530176,0.95217077927947,0.04782939798337957,0.9521706020166206,0.047829373411557775,0.9521706265884421
185.5,0.047044921064766515,0.9529550789352333,0.04704510303809773,0.9529548969619023,0.047045078082958006,0.952954921917042
186.0,0.04633445147270237,0.9536655485272977,0.04633463896054391,0.9536653610394563,0.046334613516059074,0.9536653864839411
186.5,0.04564144632386006,0.9543585536761399,0.04564163995562889,0.9543583600443715,0.045641613938965805,0.9543583860610345
187.0,0.04492262969599217,0.955077370304008,0.044922829940226276,0.9550771700597737,0.0449228032887394,0.9550771967112607
187.5,0.04403410142662839,0.9559658985733718,0.044034308094575175,0.955965691905425,0.044034280830332805,0.9559657191696674
188.0,0.04323101955292418,0.9567689804470758,0.04323123353658512,0.9567687664634147,0.043231205536059525,0.9567687944639407
188.5,0.042632187679619175,0.9573678123203809,0.04263241053557966,0.9573675894644201,0.0426323815881962,0.9573676184118036
189.0,0.04206391216006211,0.9579360878399377,0.04206414470798377,0.9579358552920164,0.04206411469910342,0.9579358853008964
189.5,0.04162849282185751,0.9583715071781428,0.04162873649529593,0.9583712635047045,0.04162870523001997,0.95837129476998
190.0,0.04121250236510008,0.9587874976349001,0.04121275807052186,0.9587872419294782,0.04121272542051157,0.9587872745794885
190.5,0.040776481484034274,0.959223518515966,0.04077674991816562,0.9592232500818345,0.040776715779733505,0.9592232842202665
191.0,0.04024380141833671,0.9597561985816635,0.04024408275094146,0.9597559172490586,0.04024404708499188,0.959755952915008
191.5,0.039583550809532436,0.9604164491904676,0.0395838448728326,0.9604161551271672,0.039583807680198924,0.9604161923198009
192.0,0.03888208017392117,0.9611179198260785,0.038882387269528695,0.9611176127304716,0.03888234848901067,0.9611176515109893
192.5,0.038210687264805185,0.961789312735195,0.03821100819321622,0.9617889918067839,0.038210967698586534,0.9617890323014135
193.0,0.037570890412255524,0.9624291095877446,0.037571226008637965,0.9624287739913623,0.03757118366738817,0.9624288163326121
193.5,0.036844460045950315,0.96315553995405,0.03684481008748963,0.9631551899125104,0.03684476589863323,0.9631552341013667
194.0,0.03606176065430218,0.9639382393456977,0.03606212502009776,0.9639378749799026,0.03606207896833375,0.9639379210316663
194.5,0.03530442894646277,0.9646955710535372,0.035304808206141895,0.9646951917938583,0.03530476018747307,0.9646952398125269
195.0,0.03463701550758833,0.9653629844924116,0.034637410940913105,0.9653625890590868,0.03463736075989009,0.9653626392401098
195.5,0.034185005454551755,0.9658149945454483,0.034185419956914626,0.9658145800430854,0.03418536721045277,0.9658146327895476
196.0,0.033754679756049406,0.9662453202439505,0.033755114251152095,0.9662448857488481,0.03375505878350232,0.9662449412164977
196.5,0.03337206160099506,0.966627938399005,0.03337251737742441,0.9666274826225759,0.03337245898378262,0.9666275410162175
197.0,0.033020406011690574,0.966979593988309,0.03302088421313067,0.9669791157868696,0.03302082270469379,0.9669791772953062
197.5,0.03277933133564882,0.9672206686643514,0.032779834346267876,0.9672201656537326,0.03277976937145008,0.9672202306285501
198.0,0.032665048713094,0.9673349512869059,0.032665579452206286,0.9673344205477938,0.03266551058473596,0.9673344894152641
198.5,0.03258816281940212,0.9674118371805976,0.032588723071807706,0.9674112769281924,0.03258865002710938,0.9674113499728905
199.0,0.03256249516912248,0.9674375048308773,0.032563087075693636,0.967436912924306,0.03256300951841145,0.9674369904815886
199.5,0.03254344198683402,0.9674565580131661,0.032544067026231985,0.9674559329737683,0.032543984703617634,0.9674560152963825
