time_fs,population_site_1,population_site_2,population_site_3,population_site_4,population_site_5,population_site_6,population_site_7,coherences,pop_site1_L1,pop_site1_L2
0.0000000000e+00,1.0000000000e+00,0.0000000000e+00,0.0000000000e+00,0.0000000000e+00,0.0000000000e+00,0.0000000000e+00,0.0000000000e+00,0.0000000000e+00,1.0000000000e+00,1.0000000000e+00
5.0000000000e-01,9.9993038530e-01,6.6667078846e-05,2.2035424263e-07,2.1975998718e-07,3.1543104718e-07,1.4801016959e-06,7.1197653480e-07,2.3517468687e-02,9.9993038530e-01,9.9993038530e-01
1.0000000000e+00,9.9971662460e-01,2.7135933610e-04,8.8734331193e-07,8.9570293557e-07,1.2856420945e-06,6.0743213204e-06,2.8730494500e-06,4.7579225168e-02,9.9971662461e-01,9.9971662460e-01
1.5000000000e+00,9.9935437203e-01,6.1858531077e-04,1.9902839154e-06,2.0018550358e-06,2.8456687171e-06,1.3760690268e-05,6.4441577349e-06,7.1865012710e-02,9.9935437207e-01,9.9935437203e-01
2.0000000000e+00,9.9881931295e-01,1.1324560621e-03,3.6469396827e-06,3.5665982537e-06,5.1647171222e-06,2.4491369798e-05,1.1361365785e-05,9.7155370400e-02,9.9881931314e-01,9.9881931295e-01
2.5000000000e+00,9.9817024475e-01,1.7541289413e-03,5.6804333680e-06,5.5242444589e-06,8.0853974063e-06,3.8653115726e-05,1.7683116428e-05,1.2141013121e-01,9.9817024547e-01,9.9817024475e-01
3.0000000000e+00,9.9750494570e-01,2.3879540070e-03,8.1084730552e-06,7.7718946829e-06,1.1562239951e-05,5.3995077851e-05,2.5662604293e-05,1.4290645427e-01,9.9750494769e-01,9.9750494570e-01
3.5000000000e+00,9.9659607921e-01,3.2575869076e-03,1.1155535021e-05,1.0599613110e-05,1.6017464881e-05,7.3254697786e-05,3.5306569495e-05,1.6741665115e-01,9.9659608416e-01,9.9659607921e-01
4.0000000000e+00,9.9552545033e-01,4.2802278452e-03,1.5139279143e-05,1.3926092765e-05,2.1312967915e-05,9.7492651374e-05,4.6450837939e-05,1.9270922492e-01,9.9552546125e-01,9.9552545033e-01
4.5000000000e+00,9.9442753919e-01,5.3311003892e-03,1.8891472181e-05,1.7422811556e-05,2.6152335674e-05,1.2061742573e-04,5.8276372058e-05,2.1545153680e-01,9.9442756066e-01,9.9442753919e-01
5.0000000000e+00,9.9332240558e-01,6.3841591593e-03,2.3075803332e-05,2.1115444507e-05,3.1523667501e-05,1.4610467961e-04,7.1615662738e-05,2.3681089675e-01,9.9332244415e-01,9.9332240558e-01
5.5000000000e+00,9.9182128962e-01,7.8239111520e-03,2.8019626585e-05,2.5664809802e-05,3.7632666945e-05,1.7688989512e-04,8.6592228299e-05,2.6215015637e-01,9.9182135762e-01,9.9182128962e-01
6.0000000000e+00,9.9025706128e-01,9.3200055405e-03,3.3392767048e-05,3.0534797009e-05,4.4707994984e-05,2.1215858416e-04,1.0213903925e-04,2.8668121475e-01,9.9025717416e-01,9.9025706127e-01
6.5000000000e+00,9.8865080323e-01,1.0845366802e-02,4.1014731281e-05,3.6777797461e-05,5.3542454867e-05,2.5052936326e-04,1.2196561778e-04,3.1127287979e-01,9.8865098137e-01,9.8865080322e-01
7.0000000000e+00,9.8687965293e-01,1.2532473922e-02,4.8723666245e-05,4.3242077065e-05,6.3300649471e-05,2.9167140837e-04,1.4093535127e-04,3.3594063945e-01,9.8687992533e-01,9.8687965290e-01
7.5000000000e+00,9.8530042687e-01,1.4036919830e-02,5.5889947445e-05,4.8952267346e-05,7.3008337880e-05,3.2701968752e-04,1.5778305677e-04,3.5667146867e-01,9.8530082232e-01,9.8530042682e-01
8.0000000000e+00,9.8315742031e-01,1.6089211369e-02,6.5415041029e-05,5.5717683023e-05,8.3121933342e-05,3.7090998192e-04,1.7820368577e-04,3.8218591286e-01,9.8315799651e-01,9.8315742022e-01
8.5000000000e+00,9.8066835268e-01,1.8467676752e-02,7.6713750816e-05,6.4554394723e-05,9.5270898551e-05,4.2551078344e-04,2.0192074314e-04,4.1033325286e-01,9.8066918078e-01,9.8066835253e-01
9.0000000000e+00,9.7807996373e-01,2.0931952898e-02,8.8981343831e-05,7.5410967992e-05,1.0928265389e-04,4.8478122133e-04,2.2962718167e-04,4.3856041636e-01,9.7808112350e-01,9.7807996350e-01
9.5000000000e+00,9.7543452466e-01,2.3437124766e-02,1.0376326226e-04,8.6666123255e-05,1.2656904031e-04,5.5259189798e-04,2.5876025157e-04,4.6669599971e-01,9.7543611018e-01,9.7543452430e-01
1.0000000000e+01,9.7267215230e-01,2.6091715603e-02,1.1886463885e-04,9.6086486278e-05,1.3841948830e-04,6.0247522661e-04,2.8028625389e-04,4.9213043716e-01,9.7267427981e-01,9.7267215175e-01
1.0500000000e+01,9.6998276001e-01,2.8651824461e-02,1.3466803697e-04,1.0517416767e-04,1.5400858988e-04,6.6039762365e-04,3.1116711034e-04,5.1721737328e-01,9.6998555065e-01,9.6998275919e-01
1.1000000000e+01,9.6789798601e-01,3.0610894107e-02,1.4679300349e-04,1.1489633932e-04,1.6736154891e-04,7.2306482325e-04,3.3900416901e-04,5.3723125920e-01,9.6790151830e-01,9.6789798483e-01
1.1500000000e+01,9.6465408068e-01,3.3682813997e-02,1.6372942145e-04,1.2887810202e-04,1.8587915342e-04,7.9772264304e-04,3.8689600310e-04,5.6598286234e-01,9.6465863911e-01,9.6465407897e-01
1.2000000000e+01,9.6196192351e-01,3.6233563757e-02,1.7961263133e-04,1.4083363839e-04,2.0470049653e-04,8.6060467041e-04,4.1876129243e-04,5.8892104203e-01,9.6196763188e-01,9.6196192111e-01
1.2500000000e+01,9.5899598759e-01,3.9048663390e-02,2.0287984154e-04,1.5171142761e-04,2.2037276359e-04,9.2606719641e-04,4.5431779323e-04,6.1300795680e-01,9.5900309476e-01,9.5899598423e-01
1.3000000000e+01,9.5529152698e-01,4.2561117433e-02,2.3049278800e-04,1.6586658159e-04,2.4719468544e-04,1.0085933291e-03,4.9520819942e-04,6.4221300157e-01,9.5530041219e-01,9.5529152231e-01
1.3500000000e+01,9.5298002353e-01,4.4744385957e-02,2.4971799150e-04,1.7736262182e-04,2.6883629824e-04,1.0458137078e-03,5.3385989001e-04,6.6073879506e-01,9.5299068786e-01,9.5298001730e-01
1.4000000000e+01,9.5001062372e-01,4.7541985355e-02,2.7546186106e-04,1.9187013499e-04,2.9150979526e-04,1.1271638719e-03,5.6138526235e-04,6.8354617121e-01,9.5002347886e-01,9.5001061539e-01
1.4500000000e+01,9.4755461537e-01,4.9836833889e-02,2.9278257540e-04,2.0956328908e-04,3.1376284283e-04,1.2035156475e-03,5.8892638141e-04,7.0283158233e-01,9.4756983466e-01,9.4755460449e-01
1.5000000000e+01,9.4316306034e-01,5.3966421583e-02,3.2735557522e-04,2.3360247055e-04,3.4496380862e-04,1.3291305581e-03,6.3546566588e-04,7.3472207442e-01,9.4318154514e-01,9.4316304581e-01
1.5500000000e+01,9.4004359213e-01,5.6891641493e-02,3.6018919626e-04,2.4768507743e-04,3.7339094206e-04,1.4013035312e-03,6.8219763151e-04,7.5740368901e-01,9.4006537899e-01,9.4004357336e-01
1.6000000000e+01,9.3541433866e-01,6.1383864084e-02,3.8306231211e-04,2.5687066877e-04,4.0245837799e-04,1.4615197631e-03,6.9788613286e-04,7.8284921835e-01,9.3544040540e-01,9.3541431417e-01
1.6500000000e+01,9.3107194342e-01,6.5508967647e-02,4.1617211631e-04,2.7602607744e-04,4.3344434692e-04,1.5537376859e-03,7.3970870546e-04,8.0987678501e-01,9.3110273075e-01,9.3107191193e-01
1.7000000000e+01,9.2776159186e-01,6.8633410922e-02,4.3521393376e-04,2.9247017644e-04,4.6056388618e-04,1.6376752990e-03,7.7907392325e-04,8.3057652157e-01,9.2779720740e-01,9.2776155232e-01
1.7500000000e+01,9.2346818280e-01,7.2707267580e-02,4.7603352699e-04,3.0958113277e-04,4.8717409130e-04,1.7381584686e-03,8.1360240418e-04,8.5590337534e-01,9.2350963575e-01,9.2346813301e-01
1.8000000000e+01,9.1777718583e-01,7.8187549498e-02,5.1809184763e-04,3.2636435110e-04,5.2247516651e-04,1.8272246913e-03,8.4110861058e-04,8.8529396632e-01,9.1782587166e-01,9.1777712279e-01
1.8500000000e+01,9.1370236185e-01,8.1956536385e-02,5.6392493783e-04,3.4947306203e-04,5.6277409693e-04,1.9699618079e-03,8.9496786166e-04,9.1164565452e-01,9.1375815065e-01,9.1370228403e-01
1.9000000000e+01,9.1008293220e-01,8.5309492925e-02,6.1902991884e-04,3.8167805120e-04,5.9281291690e-04,2.0896914871e-03,9.2436249717e-04,9.3471874325e-01,9.1014622762e-01,9.1008283734e-01
1.9500000000e+01,9.0513024961e-01,9.0078936073e-02,6.5686406645e-04,4.0503018522e-04,6.2054359907e-04,2.1433991100e-03,9.6497735233e-04,9.5871569058e-01,9.0520263531e-01,9.0513013342e-01
2.0000000000e+01,9.0119830901e-01,9.3869764588e-02,6.7955652246e-04,4.3115453459e-04,6.4966227761e-04,2.1760422945e-03,9.9551077495e-04,9.7744683097e-01,9.0127988143e-01,9.0119816903e-01
2.0500000000e+01,8.9445905910e-01,1.0032121977e-01,7.4416921318e-04,4.5737467216e-04,6.9657459384e-04,2.2736520484e-03,1.0479506015e-03,1.0096098505e+00,8.9455279567e-01,8.9445888744e-01
2.1000000000e+01,8.9235142527e-01,1.0228100669e-01,7.7845413631e-04,4.7141973483e-04,7.2358048861e-04,2.3096787816e-03,1.0844349046e-03,1.0219699134e+00,8.9245454529e-01,8.9235122388e-01
2.1500000000e+01,8.8970082843e-01,1.0480330593e-01,8.1438097065e-04,4.7782031831e-04,7.3497943346e-04,2.3623397857e-03,1.1063451259e-03,1.0344616759e+00,8.8981443093e-01,8.8970059233e-01
2.2000000000e+01,8.8318597147e-01,1.1107309409e-01,8.8387765813e-04,5.1249572690e-04,7.7964434318e-04,2.4089473721e-03,1.1559693427e-03,1.0633230651e+00,8.8331444398e-01,8.8318568795e-01
2.2500000000e+01,8.7972552709e-01,1.1440650226e-01,9.2022042650e-04,5.2532051439e-04,8.1348728456e-04,2.4551866745e-03,1.1537557474e-03,1.0778377051e+00,8.7986694343e-01,8.7972519604e-01
2.3000000000e+01,8.7558387697e-01,1.1843995229e-01,9.7817273558e-04,5.3199780695e-04,8.3255509867e-04,2.4874820733e-03,1.1459630244e-03,1.0932274947e+00,8.7573978865e-01,8.7558349057e-01
2.3500000000e+01,8.7132078362e-01,1.2253706768e-01,1.0328144790e-03,5.6038892217e-04,8.5070914570e-04,2.5378636690e-03,1.1603724853e-03,1.1109676354e+00,8.7149226289e-01,8.7132033410e-01
2.4000000000e+01,8.6693336524e-01,1.2670546072e-01,1.0913301182e-03,5.8421976156e-04,9.0411147936e-04,2.6077320400e-03,1.1737806381e-03,1.1305795278e+00,8.6712152394e-01,8.6693284397e-01
2.4500000000e+01,8.6084070116e-01,1.3257179700e-01,1.1467564594e-03,6.2718085174e-04,9.4337178492e-04,2.6769488852e-03,1.1932438547e-03,1.1545056728e+00,8.6104864453e-01,8.6084009336e-01
2.5000000000e+01,8.5411880510e-01,1.3914565591e-01,1.2076608760e-03,6.4629441234e-04,9.4833492120e-04,2.7139069100e-03,1.2193418736e-03,1.1761880133e+00,8.5434851186e-01,8.5411809808e-01
2.5500000000e+01,8.4786235153e-01,1.4503752014e-01,1.2882896296e-03,6.8011829964e-04,1.0152485672e-03,2.8110913436e-03,1.3053804908e-03,1.2040873470e+00,8.4811447285e-01,8.4786153383e-01
2.6000000000e+01,8.4326252609e-01,1.4939090903e-01,1.3613234208e-03,7.1281345767e-04,1.0506497952e-03,2.8925201178e-03,1.3292580887e-03,1.2232421131e+00,8.4353589338e-01,8.4326159313e-01
2.6500000000e+01,8.3975597212e-01,1.5269135164e-01,1.4478697278e-03,7.3239354132e-04,1.0807932846e-03,2.9243681815e-03,1.3672515103e-03,1.2385614006e+00,8.4004996081e-01,8.3975491750e-01
2.7000000000e+01,8.3587359731e-01,1.5619879156e-01,1.5711622828e-03,7.6612361088e-04,1.1399229674e-03,3.0436498475e-03,1.4067524186e-03,1.2597206156e+00,8.3618971047e-01,8.3587240574e-01
2.7500000000e+01,8.2999367129e-01,1.6187380632e-01,1.6058843873e-03,7.9410320977e-04,1.1854610537e-03,3.1049854524e-03,1.4420882875e-03,1.2793644109e+00,8.3033594939e-01,8.2999231876e-01
2.8000000000e+01,8.2671283765e-01,1.6493068315e-01,1.6701663186e-03,8.2139014240e-04,1.2340943655e-03,3.1812010933e-03,1.4496272781e-03,1.2936722436e+00,8.2707810710e-01,8.2671132495e-01
2.8500000000e+01,8.2542822591e-01,1.6599132581e-01,1.7375252126e-03,8.7123342794e-04,1.2704980927e-03,3.2380088229e-03,1.4631827149e-03,1.3041738900e+00,8.2581386249e-01,8.2542655296e-01
2.9000000000e+01,8.1900278389e-01,1.7212164136e-01,1.8041192048e-03,9.2091065907e-04,1.3291672087e-03,3.3094640225e-03,1.5119136464e-03,1.3273138886e+00,8.1941852854e-01,8.1900089824e-01
2.9500000000e+01,8.0854310641e-01,1.8220403774e-01,1.9211101427e-03,9.5618971870e-04,1.3924815919e-03,3.4085598956e-03,1.5745144990e-03,1.3598357287e+00,8.0899724443e-01,8.0854095699e-01
3.0000000000e+01,7.9880252963e-01,1.9149024197e-01,2.0156809223e-03,1.0122021600e-03,1.4510163786e-03,3.6020245560e-03,1.6263043849e-03,1.3916669407e+00,7.9929489087e-01,7.9880009880e-01
3.0500000000e+01,7.9297816475e-01,1.9684207721e-01,2.1633284880e-03,1.0730684416e-03,1.5179080478e-03,3.7252751673e-03,1.7001778891e-03,1.4169677170e+00,7.9350249355e-01,7.9297546516e-01
3.1000000000e+01,7.8426206236e-01,2.0525216762e-01,2.2725257146e-03,1.1148183968e-03,1.5883455871e-03,3.7857730484e-03,1.7243072708e-03,1.4417210769e+00,7.8482438766e-01,7.8425905176e-01
3.1500000000e+01,7.7584056235e-01,2.1325022189e-01,2.3909997154e-03,1.1612753539e-03,1.6616123206e-03,3.9129996927e-03,1.7823286746e-03,1.4684123517e+00,7.7644105419e-01,7.7583722067e-01
3.2000000000e+01,7.6884687441e-01,2.1994523615e-01,2.4718729164e-03,1.1896212462e-03,1.7517376862e-03,3.9795494382e-03,1.8151081545e-03,1.4887355414e+00,7.6948325969e-01,7.6884319855e-01
3.2500000000e+01,7.6545691817e-01,2.2301145449e-01,2.5950260103e-03,1.2106150558e-03,1.8515022848e-03,4.0205171008e-03,1.8539668855e-03,1.5039089814e+00,7.6612276131e-01,7.6545292710e-01
3.3000000000e+01,7.5753716619e-01,2.3050412800e-01,2.7394078758e-03,1.2191284317e-03,1.9525052848e-03,4.1407884550e-03,1.9068757597e-03,1.5278896366e+00,7.5824142080e-01,7.5753279374e-01
3.3500000000e+01,7.5228710250e-01,2.3554106485e-01,2.8063310491e-03,1.2453023547e-03,1.9783546155e-03,4.2026824539e-03,1.9391621786e-03,1.5417190331e+00,7.5302458361e-01,7.5228236685e-01
3.4000000000e+01,7.4442893888e-01,2.4306756362e-01,2.9934193567e-03,1.2845444626e-03,2.0232322725e-03,4.2460824840e-03,1.9562189190e-03,1.5623876379e+00,7.4520463718e-01,7.4442379787e-01
3.4500000000e+01,7.4250871132e-01,2.4477047750e-01,3.0708527974e-03,1.3505205358e-03,2.0780991503e-03,4.2408712750e-03,1.9804674191e-03,1.5721987678e+00,7.4331074289e-01,7.4250322382e-01
3.5000000000e+01,7.3554361736e-01,2.5126883446e-01,3.2296341218e-03,1.3926980041e-03,2.1458734910e-03,4.3880338355e-03,2.0313087268e-03,1.5943229707e+00,7.3638200027e-01,7.3553770123e-01
3.5500000000e+01,7.3396835902e-01,2.5263420594e-01,3.3462009300e-03,1.4148967108e-03,2.2219790429e-03,4.3415467584e-03,2.0728116011e-03,1.6029457647e+00,7.3483169135e-01,7.3396208193e-01
3.6000000000e+01,7.2990402858e-01,2.5655262854e-01,3.5025512032e-03,1.4271931394e-03,2.2579228531e-03,4.3003605631e-03,2.0553151243e-03,1.6122490115e+00,7.3079677473e-01,7.2989735738e-01
3.6500000000e+01,7.2410198817e-01,2.6222132001e-01,3.5768511046e-03,1.4498180611e-03,2.3321112652e-03,4.2696862775e-03,2.0482251124e-03,1.6237283256e+00,7.2502701237e-01,7.2409489280e-01
3.7000000000e+01,7.1374933493e-01,2.7211273503e-01,3.8040902370e-03,1.5050469323e-03,2.4044778266e-03,4.3686262633e-03,2.0556887864e-03,1.6485093161e+00,7.1471471016e-01,7.1374174698e-01
3.7500000000e+01,7.0994310746e-01,2.7564500817e-01,3.9194182258e-03,1.5517356205e-03,2.4799330285e-03,4.3915584136e-03,2.0692390816e-03,1.6606642036e+00,7.1093433525e-01,7.0993512574e-01
3.8000000000e+01,7.0364988715e-01,2.8156368498e-01,4.1105906715e-03,1.5890509666e-03,2.5780978123e-03,4.4421091981e-03,2.0665792239e-03,1.6775585911e+00,7.0467032605e-01,7.0364148696e-01
3.8500000000e+01,6.9761977729e-01,2.8735824318e-01,4.2365761747e-03,1.6006349937e-03,2.6685407496e-03,4.4374766711e-03,2.0787509458e-03,1.6904429359e+00,6.9866730305e-01,6.9761097746e-01
3.9000000000e+01,6.9194452396e-01,2.9282286044e-01,4.3610589527e-03,1.6196695084e-03,2.7126277840e-03,4.4666475908e-03,2.0726117607e-03,1.7017114793e+00,6.9301622273e-01,6.9193535770e-01
3.9500000000e+01,6.8380999136e-01,3.0061321800e-01,4.5216968924e-03,1.6843099738e-03,2.7734830715e-03,4.5245361318e-03,2.0727645722e-03,1.7190366973e+00,6.8490822366e-01,6.8380044953e-01
4.0000000000e+01,6.7826770591e-01,3.0596145219e-01,4.6852943001e-03,1.6992686855e-03,2.8139856930e-03,4.5106103839e-03,2.0616828309e-03,1.7290814259e+00,6.7938456429e-01,6.7825787845e-01
4.0500000000e+01,6.7440766526e-01,3.0949123311e-01,4.8225849211e-03,1.7624354887e-03,2.9069189245e-03,4.5249279562e-03,2.0842343445e-03,1.7416924870e+00,6.7553803898e-01,6.7439759823e-01
4.1000000000e+01,6.6827574085e-01,3.1517655673e-01,5.1034279375e-03,1.8149654192e-03,2.9504805030e-03,4.5507166106e-03,2.1281119535e-03,1.7583785291e+00,6.6942068436e-01,6.6826545855e-01
4.1500000000e+01,6.6118803760e-01,3.2207774162e-01,5.1351232754e-03,1.8382167117e-03,3.0027708597e-03,4.6203194493e-03,2.1377904814e-03,1.7695435329e+00,6.6234506859e-01,6.6117760878e-01
4.2000000000e+01,6.5799914434e-01,3.2490752225e-01,5.3545721119e-03,1.8490369821e-03,3.0830884174e-03,4.6568151877e-03,2.1498207156e-03,1.7805096291e+00,6.5915899720e-01,6.5798867491e-01
4.2500000000e+01,6.5289204084e-01,3.2941593713e-01,5.6441206447e-03,1.9404586221e-03,3.1970035579e-03,4.7263676391e-03,2.1840715615e-03,1.7994902031e+00,6.5405432727e-01,6.5288157427e-01
4.3000000000e+01,6.4990841990e-01,3.3246831573e-01,5.5702147498e-03,1.9648161266e-03,3.2470223014e-03,4.6492426129e-03,2.1919685846e-03,1.8013259800e+00,6.5106534692e-01,6.4989810988e-01
4.3500000000e+01,6.4476691331e-01,3.3724982273e-01,5.7199698757e-03,2.0295590571e-03,3.3054738519e-03,4.7324710993e-03,2.1957900762e-03,1.8141153369e+00,6.4591833415e-01,6.4475681079e-01
4.4000000000e+01,6.4277154616e-01,3.3861882359e-01,6.0248581949e-03,2.0958591687e-03,3.3698532983e-03,4.8341607813e-03,2.2848988061e-03,1.8305359692e+00,6.4390946916e-01,6.4276175632e-01
4.4500000000e+01,6.3972932415e-01,3.4112892512e-01,6.2744808371e-03,2.1082020299e-03,3.4571536927e-03,4.9954441850e-03,2.3064699898e-03,1.8443556736e+00,6.4085083211e-01,6.3971996252e-01
4.5000000000e+01,6.3348998958e-01,3.4702390234e-01,6.4350887275e-03,2.1472177851e-03,3.5229893850e-03,5.0582188734e-03,2.3225933108e-03,1.8568926647e+00,6.3459377752e-01,6.3348120532e-01
4.5500000000e+01,6.2823605150e-01,3.5174400961e-01,6.7587616545e-03,2.2411143320e-03,3.5257652170e-03,5.1492132904e-03,2.3450844009e-03,1.8723737406e+00,6.2931549830e-01,6.2822800911e-01
4.6000000000e+01,6.1398381540e-01,3.6548263382e-01,7.0512104061e-03,2.3000513912e-03,3.5678997695e-03,5.2434897409e-03,2.3708994720e-03,1.8930228952e+00,6.1503993358e-01,6.1397673906e-01
4.6500000000e+01,6.0302118705e-01,3.7593723176e-01,7.3137380239e-03,2.3909869190e-03,3.6416437714e-03,5.2867082300e-03,2.4085042401e-03,1.9112276665e+00,6.0403983976e-01,6.0301539041e-01
4.7000000000e+01,5.9939552310e-01,3.7902678081e-01,7.6868015800e-03,2.4473727990e-03,3.6806495537e-03,5.2908591845e-03,2.4720129716e-03,1.9245419457e+00,6.0036280455e-01,5.9939126201e-01
4.7500000000e+01,5.9745839946e-01,3.8097488205e-01,7.7908018406e-03,2.4877086686e-03,3.6606110576e-03,5.1790869165e-03,2.4485100051e-03,1.9250566254e+00,5.9836535756e-01,5.9745599122e-01
4.8000000000e+01,5.8785073320e-01,3.9052049110e-01,7.8926269511e-03,2.5593333398e-03,3.6206348471e-03,5.1544810641e-03,2.4016994984e-03,1.9310621545e+00,5.8869379101e-01,5.8785052862e-01
4.8500000000e+01,5.8294991994e-01,3.9538081266e-01,7.9040317444e-03,2.6238643242e-03,3.6383401639e-03,5.0955768286e-03,2.4074543326e-03,1.9350569238e+00,5.8371731889e-01,5.8295221862e-01
4.9000000000e+01,5.7284982209e-01,4.0480891480e-01,8.2448090752e-03,2.6717774236e-03,3.8500060286e-03,5.1553495570e-03,2.4193210225e-03,1.9537245820e+00,5.7353427881e-01,5.7285499537e-01
4.9500000000e+01,5.7163183237e-01,4.0539739890e-01,8.5760018994e-03,2.7300539764e-03,3.9589451769e-03,5.2588357045e-03,2.4469319720e-03,1.9671189291e+00,5.7222059716e-01,5.7164018258e-01
5.0000000000e+01,5.7065918390e-01,4.0614180605e-01,8.7706612206e-03,2.7979644464e-03,4.0313124462e-03,5.1755960138e-03,2.4234759207e-03,1.9719107625e+00,5.7114463543e-01,5.7067110634e-01
5.0500000000e+01,5.5983537975e-01,4.1683360755e-01,8.7857329323e-03,2.8447931024e-03,4.1522316932e-03,5.1458811006e-03,2.4023738739e-03,1.9794331900e+00,5.6020710950e-01,5.5985152968e-01
5.1000000000e+01,5.5952573431e-01,4.1681740187e-01,8.9417647368e-03,2.8811507909e-03,4.2655929554e-03,5.1557192548e-03,2.4126360799e-03,1.9863268261e+00,5.5977293412e-01,5.5954637342e-01
5.1500000000e+01,5.5879343456e-01,4.1725456246e-01,9.1490653032e-03,2.9012487117e-03,4.3100948166e-03,5.2002429977e-03,2.3913511523e-03,1.9917125471e+00,5.5890827272e-01,5.5881899640e-01
5.2000000000e+01,5.5028053697e-01,4.2531378493e-01,9.2924961806e-03,3.0176706358e-03,4.4442097608e-03,5.2807443219e-03,2.3705572085e-03,2.0044077517e+00,5.5025103611e-01,5.5031172033e-01
5.2500000000e+01,5.4636160470e-01,4.2865227264e-01,9.5823849276e-03,3.0612932351e-03,4.6282073401e-03,5.2993747016e-03,2.4148624601e-03,2.0173975293e+00,5.4617646718e-01,5.4639887146e-01
5.3000000000e+01,5.3819866289e-01,4.3651331496e-01,9.9556811874e-03,3.0932958830e-03,4.6577726712e-03,5.1738092250e-03,2.4074631866e-03,2.0239482593e+00,5.3784175608e-01,5.3824294270e-01
5.3500000000e+01,5.3763702157e-01,4.3719234529e-01,9.8576953242e-03,3.0797188313e-03,4.7801745521e-03,5.0389587123e-03,2.4140857178e-03,2.0223179129e+00,5.3709813677e-01,5.3768875421e-01
5.4000000000e+01,5.3561955488e-01,4.3893598364e-01,1.0046094842e-02,3.0953105536e-03,4.8561096084e-03,5.1039700663e-03,2.3429764008e-03,2.0268367843e+00,5.3488745906e-01,5.3567940160e-01
5.4500000000e+01,5.3869824224e-01,4.3532203483e-01,1.0366480051e-02,3.2016277128e-03,4.8720665687e-03,5.1711016582e-03,2.3684469373e-03,2.0363973362e+00,5.3776603642e-01,5.3876656393e-01
5.5000000000e+01,5.3996567308e-01,4.3319666746e-01,1.0848609466e-02,3.3255727859e-03,5.0503466242e-03,5.2371305270e-03,2.3760000507e-03,2.0520188605e+00,5.3882582906e-01,5.4004297754e-01
5.5500000000e+01,5.3033381879e-01,4.4282759454e-01,1.0855374436e-02,3.3905142989e-03,5.0821707604e-03,5.1538634186e-03,2.3566637537e-03,2.0545798526e+00,5.2896439379e-01,5.3042153348e-01
5.6000000000e+01,5.2440643872e-01,4.4787431452e-01,1.1457155470e-02,3.4538061547e-03,5.2338224403e-03,5.2240652020e-03,2.3503974842e-03,2.0705700106e+00,5.2279520565e-01,5.2450518636e-01
5.6500000000e+01,5.1595334590e-01,4.5601140467e-01,1.1696173434e-02,3.5305039216e-03,5.2856191652e-03,5.1480811890e-03,2.3748717201e-03,2.0776984221e+00,5.1407977275e-01,5.1606437093e-01
5.7000000000e+01,5.1523382207e-01,4.5617461364e-01,1.1880271440e-02,3.6253274308e-03,5.4007895107e-03,5.2881668805e-03,2.3970090362e-03,2.0890922106e+00,5.1308864827e-01,5.1535763974e-01
5.7500000000e+01,5.1251347018e-01,4.5800297008e-01,1.2450531970e-02,3.7776112234e-03,5.5627447670e-03,5.3258304129e-03,2.3668413637e-03,2.1043485061e+00,5.1008217600e-01,5.1265108900e-01
5.8000000000e+01,5.0653662144e-01,4.6310672975e-01,1.2999967495e-02,3.9040876936e-03,5.7218470314e-03,5.3543338763e-03,2.3764127120e-03,2.1198089291e+00,5.0380200274e-01,5.0668917475e-01
5.8500000000e+01,4.9865097692e-01,4.7057396377e-01,1.3195093372e-02,4.0036762978e-03,5.8806088076e-03,5.2966221036e-03,2.3990587288e-03,2.1283841999e+00,4.9559330089e-01,4.9881978090e-01
5.9000000000e+01,4.9364021579e-01,4.7506070609e-01,1.3576841112e-02,3.9864521771e-03,6.0529429504e-03,5.3013331402e-03,2.3815087403e-03,2.1361275417e+00,4.9024261425e-01,4.9382641877e-01
5.9500000000e+01,4.8770943871e-01,4.8065450514e-01,1.3611141249e-02,4.0382555865e-03,6.2849363693e-03,5.3296472010e-03,2.3720757416e-03,2.1430131798e+00,4.8395508883e-01,4.8791423113e-01
6.0000000000e+01,4.7847619654e-01,4.8936309120e-01,1.4056947206e-02,4.1219818478e-03,6.4022801490e-03,5.2582263453e-03,2.3212767148e-03,2.1496907919e+00,4.7434570215e-01,4.7870108035e-01
6.0500000000e+01,4.7912238552e-01,4.8832099797e-01,1.4228824913e-02,4.1793792151e-03,6.5565819200e-03,5.2645338622e-03,2.3272965959e-03,2.1566309213e+00,4.7459319755e-01,4.7936876788e-01
6.1000000000e+01,4.7198716722e-01,4.9511226032e-01,1.4385482492e-02,4.1770497928e-03,6.8042454362e-03,5.2232791638e-03,2.3105155783e-03,2.1614720669e+00,4.6704894261e-01,4.7225614937e-01
6.1500000000e+01,4.5641741730e-01,5.1105953740e-01,1.4349343775e-02,4.1750111146e-03,6.7553964818e-03,4.9966388517e-03,2.2466550784e-03,2.1511614105e+00,4.5105583611e-01,4.5671057993e-01
6.2000000000e+01,4.4891668799e-01,5.1810272855e-01,1.4725361936e-02,4.2241068057e-03,6.9316609668e-03,4.8746067907e-03,2.2248469606e-03,2.1555631432e+00,4.4310007162e-01,4.4923604619e-01
6.2500000000e+01,4.4111843259e-01,5.2503992308e-01,1.5157882275e-02,4.3333738398e-03,7.3290787852e-03,4.8080584046e-03,2.2132510180e-03,2.1673498270e+00,4.3483360327e-01,4.4146520557e-01
6.3000000000e+01,4.3198191344e-01,5.3397793695e-01,1.5278162470e-02,4.4195385176e-03,7.5163151669e-03,4.6710932514e-03,2.1550402073e-03,2.1667633810e+00,4.2521184566e-01,4.3235785074e-01
6.3500000000e+01,4.2617498425e-01,5.3924145635e-01,1.5549047077e-02,4.5345897267e-03,7.7099727632e-03,4.6054579707e-03,2.1844918600e-03,2.1740811425e+00,4.1889010691e-01,4.2658227086e-01
6.4000000000e+01,4.1479524151e-01,5.5075281748e-01,1.5621770802e-02,4.5028269671e-03,7.6161770385e-03,4.5965293942e-03,2.1146368128e-03,2.1659690163e+00,4.0699934708e-01,4.1523474537e-01
6.4500000000e+01,4.0582024486e-01,5.5908100707e-01,1.6075582052e-02,4.6300236010e-03,7.7228590544e-03,4.5427191650e-03,2.1275641983e-03,2.1719475982e+00,3.9748895928e-01,4.0629399334e-01
6.5000000000e+01,4.0086222378e-01,5.6338290254e-01,1.6581482870e-02,4.6385193330e-03,7.9405354145e-03,4.4986474930e-03,2.0956885766e-03,2.1775247793e+00,3.9195611599e-01,4.0137322396e-01
6.5500000000e+01,3.9402392139e-01,5.6969603092e-01,1.7005767557e-02,4.6706052751e-03,8.0680133613e-03,4.4938109936e-03,2.0418504996e-03,2.1801168055e+00,3.8453791907e-01,3.9457351807e-01
6.6000000000e+01,3.9151569047e-01,5.7187274476e-01,1.7103799581e-02,4.7775990513e-03,8.2998209301e-03,4.3908013083e-03,2.0395439005e-03,2.1839559091e+00,3.8140042957e-01,3.9210751823e-01
6.6500000000e+01,3.8737887278e-01,5.7570477121e-01,1.7511213632e-02,4.7953814908e-03,8.2773944322e-03,4.2857534434e-03,2.0466130134e-03,2.1841325768e+00,3.7663042002e-01,3.8801433398e-01
6.7000000000e+01,3.7893440369e-01,5.8394112634e-01,1.7788895992e-02,4.8684324642e-03,8.3428840639e-03,4.1011048252e-03,2.0231526282e-03,2.1799619731e+00,3.6758438582e-01,3.7961296831e-01
6.7500000000e+01,3.7044976884e-01,5.9165985085e-01,1.7990714919e-02,5.0176577890e-03,8.8192746484e-03,4.0412218380e-03,2.0215111147e-03,2.1871098850e+00,3.5849787396e-01,3.7117239742e-01
6.8000000000e+01,3.6508542080e-01,5.9727867655e-01,1.7848792194e-02,4.9830677000e-03,8.9292344268e-03,3.8978536953e-03,1.9769546271e-03,2.1778112609e+00,3.5247760081e-01,3.6585668346e-01
6.8500000000e+01,3.6575644538e-01,5.9691900869e-01,1.7591190065e-02,4.9000895412e-03,9.0513177944e-03,3.8484333765e-03,1.9335151591e-03,2.1725369503e+00,3.5238657219e-01,3.6658374855e-01
6.9000000000e+01,3.6702078738e-01,5.9521711097e-01,1.7901740189e-02,4.8538518960e-03,9.2439453989e-03,3.9073890476e-03,1.8551751228e-03,2.1773733660e+00,3.5286736960e-01,3.6790658504e-01
6.9500000000e+01,3.6698791193e-01,5.9497201860e-01,1.8102877140e-02,4.8712101791e-03,9.4065385188e-03,3.8323195100e-03,1.8271241225e-03,2.1795114717e+00,3.5205717792e-01,3.6793325664e-01
7.0000000000e+01,3.6054455349e-01,6.0200625964e-01,1.7761215098e-02,4.8893265981e-03,9.4430853630e-03,3.5886446856e-03,1.7669151206e-03,2.1636125465e+00,3.4494115625e-01,3.6154487577e-01
7.0500000000e+01,3.5322279780e-01,6.0932185421e-01,1.7806859863e-02,4.8796880466e-03,9.5732941180e-03,3.4426890612e-03,1.7528169040e-03,2.1562990968e+00,3.3696653147e-01,3.5427824775e-01
7.1000000000e+01,3.4238765604e-01,6.1988534358e-01,1.8171151420e-02,4.8894339482e-03,9.5638330491e-03,3.4090667169e-03,1.6935152493e-03,2.1489435578e+00,3.2556480685e-01,3.4349454894e-01
7.1500000000e+01,3.3957352546e-01,6.2233767690e-01,1.8408613248e-02,4.9128264761e-03,9.6754676216e-03,3.4081367616e-03,1.6837535334e-03,2.1511925491e+00,3.2200045965e-01,3.4074462931e-01
7.2000000000e+01,3.3383797150e-01,6.2734433250e-01,1.8912169150e-02,5.0365471854e-03,9.8697370956e-03,3.3648936137e-03,1.6343489565e-03,2.1545643875e+00,3.1559810486e-01,3.3506967016e-01
7.2500000000e+01,3.3052685285e-01,6.3029742513e-01,1.9416626658e-02,4.9492497049e-03,9.9786579154e-03,3.2259955570e-03,1.6051921839e-03,2.1516111625e+00,3.1155767540e-01,3.3182482849e-01
7.3000000000e+01,3.3030288808e-01,6.3006967143e-01,1.9894057957e-02,4.9721677685e-03,1.0052293619e-02,3.1316640700e-03,1.5772570761e-03,2.1541266579e+00,3.1051572885e-01,3.3167452065e-01
7.3500000000e+01,3.3012069716e-01,6.3015272335e-01,1.9772575656e-02,5.0481798764e-03,1.0307991210e-02,3.0661981182e-03,1.5316346309e-03,2.1544817691e+00,3.0952154430e-01,3.3156722526e-01
7.4000000000e+01,3.2945544726e-01,6.3063418323e-01,2.0228050986e-02,5.0377135737e-03,1.0221592650e-02,2.9272921983e-03,1.4957200956e-03,2.1512994722e+00,3.0805880631e-01,3.3097792343e-01
7.4500000000e+01,3.2290277561e-01,6.3759547511e-01,2.0158512174e-02,5.0199944518e-03,1.0051207297e-02,2.8362784763e-03,1.4357568858e-03,2.1363613586e+00,3.0093167083e-01,3.2448830790e-01
7.5000000000e+01,3.1812390133e-01,6.4267928126e-01,2.0352252201e-02,4.9206208196e-03,9.7785067204e-03,2.7154460208e-03,1.4299916411e-03,2.1234111376e+00,2.9554157257e-01,3.1977663963e-01
7.5500000000e+01,3.1871890366e-01,6.4153107293e-01,2.0866896335e-02,5.1074422088e-03,9.7952396037e-03,2.5931664732e-03,1.3872787817e-03,2.1278352215e+00,2.9533576857e-01,3.2045349122e-01
7.6000000000e+01,3.1107026772e-01,6.4888256028e-01,2.1163012641e-02,5.0793283356e-03,9.9538886566e-03,2.5220446091e-03,1.3288977498e-03,2.1203700852e+00,2.8726101326e-01,3.1286250418e-01
7.6500000000e+01,3.1083219963e-01,6.4860724413e-01,2.1529469866e-02,5.1302805322e-03,1.0124934819e-02,2.4645494645e-03,1.3113215646e-03,2.1248311303e+00,2.8630943071e-01,3.1270394738e-01
7.7000000000e+01,3.0505498063e-01,6.5433619034e-01,2.1743850173e-02,5.1531963433e-03,1.0074837890e-02,2.3499605886e-03,1.2869840327e-03,2.1159186590e+00,2.8010613342e-01,3.0698776265e-01
7.7500000000e+01,2.9912417422e-01,6.6092084585e-01,2.1477277014e-02,5.0340803785e-03,9.9019395969e-03,2.2671932404e-03,1.2744897022e-03,2.0983706163e+00,2.7380416731e-01,3.0111581774e-01
7.8000000000e+01,2.9579957803e-01,6.6418823446e-01,2.1360079493e-02,5.0848714990e-03,1.0083093974e-02,2.2223195384e-03,1.2618230140e-03,2.0954512326e+00,2.7003019790e-01,2.9785730949e-01
7.8500000000e+01,3.0209225320e-01,6.5700073536e-01,2.1976090400e-02,5.1465096378e-03,1.0383077583e-02,2.1659546160e-03,1.2353792086e-03,2.1108236150e+00,2.7539871943e-01,3.0425328355e-01
7.9000000000e+01,3.0155451746e-01,6.5708216417e-01,2.2367515587e-02,5.2467205792e-03,1.0413409666e-02,2.0812199052e-03,1.2544526308e-03,2.1145987595e+00,2.7433599193e-01,3.0379101144e-01
7.9500000000e+01,2.9461648510e-01,6.6395325687e-01,2.2388400034e-02,5.2494478334e-03,1.0534331511e-02,2.0356016237e-03,1.2224770219e-03,2.1061179417e+00,2.6727953674e-01,2.9689920645e-01
8.0000000000e+01,2.9988830845e-01,6.5856912432e-01,2.2320342401e-02,5.3703515447e-03,1.0705859783e-02,1.9521359833e-03,1.1938775143e-03,2.1118038573e+00,2.7179273474e-01,3.0226867531e-01
8.0500000000e+01,2.9449403642e-01,6.6384259268e-01,2.2548273018e-02,5.3798771323e-03,1.0719319089e-02,1.8555151731e-03,1.1603864860e-03,2.1033091091e+00,2.6630246181e-01,2.9692199221e-01
8.1000000000e+01,3.0070672647e-01,6.5791457234e-01,2.2644054886e-02,5.2780380214e-03,1.0568212432e-02,1.7793105102e-03,1.1090853476e-03,2.1007786827e+00,2.7178884167e-01,3.0323472231e-01
8.1500000000e+01,3.0698884696e-01,6.5120120257e-01,2.3131422728e-02,5.2927981602e-03,1.0560834852e-02,1.7381624886e-03,1.0867322414e-03,2.1092295263e+00,2.7740331720e-01,3.0961400209e-01
8.2000000000e+01,3.0064085516e-01,6.5786916349e-01,2.3029543489e-02,5.2115170394e-03,1.0543327473e-02,1.6465552269e-03,1.0590381275e-03,2.0945934595e+00,2.7118520171e-01,3.0329986752e-01
8.2500000000e+01,3.0226168616e-01,6.5535428821e-01,2.3860688253e-02,5.2149668576e-03,1.0664566416e-02,1.5831790423e-03,1.0606250668e-03,2.1033488924e+00,2.7253531854e-01,3.0498923180e-01
8.3000000000e+01,3.0480731415e-01,6.5336006879e-01,2.3707272703e-02,5.1560176789e-03,1.0462422150e-02,1.4873291764e-03,1.0195753497e-03,2.0939411442e+00,2.7481434373e-01,3.0760520085e-01
8.3500000000e+01,3.0643207015e-01,6.5222216055e-01,2.3517543036e-02,5.1390458865e-03,1.0270330833e-02,1.4060575909e-03,1.0127919566e-03,2.0865981862e+00,2.7629774218e-01,3.0929137017e-01
8.4000000000e+01,3.1125747675e-01,6.4789003705e-01,2.3297865379e-02,5.0880714760e-03,1.0169604887e-02,1.3084317478e-03,9.8851270364e-04,2.0808855097e+00,2.8086686111e-01,3.1418987145e-01
8.4500000000e+01,3.0637625856e-01,6.5221308625e-01,2.3936516821e-02,5.1316201813e-03,1.0098348610e-02,1.2604086141e-03,9.8376096666e-04,2.0793831718e+00,2.7636218412e-01,3.0932702750e-01
8.5000000000e+01,2.9885706347e-01,6.5940098822e-01,2.4217449932e-02,5.1673527747e-03,1.0165329991e-02,1.2141805784e-03,9.7763503545e-04,2.0735443165e+00,2.6946132740e-01,3.0180498393e-01
8.5500000000e+01,3.0009218942e-01,6.5784081800e-01,2.4554976774e-02,5.1206303034e-03,1.0279704907e-02,1.1578477791e-03,9.5383281609e-04,2.0745506326e+00,2.7086726367e-01,3.0307954959e-01
8.6000000000e+01,3.0107004105e-01,6.5659933768e-01,2.4959671517e-02,5.0238241005e-03,1.0323712146e-02,1.0878789829e-03,9.3553452392e-04,2.0731741438e+00,2.7210161703e-01,3.0409012407e-01
8.6500000000e+01,3.0423602453e-01,6.5314332937e-01,2.5192328732e-02,5.0935561372e-03,1.0362555263e-02,1.0275815848e-03,9.4462438267e-04,2.0780110849e+00,2.7547452754e-01,3.0729498810e-01
8.7000000000e+01,3.0191061231e-01,6.5625678380e-01,2.4710451644e-02,4.9562142592e-03,1.0279738744e-02,9.5763397050e-04,9.2856526931e-04,2.0623731351e+00,2.7374192971e-01,3.0497193863e-01
8.7500000000e+01,2.9773672246e-01,6.6049619726e-01,2.4770862494e-02,4.8460248570e-03,1.0348336185e-02,8.9998518212e-04,9.0187155713e-04,2.0524298775e+00,2.7033816010e-01,3.0078303348e-01
8.8000000000e+01,3.0425242849e-01,6.5358451363e-01,2.5086028379e-02,4.8120966665e-03,1.0540849624e-02,8.4242057358e-04,8.8166263598e-04,2.0596217685e+00,2.7710628591e-01,3.0733807361e-01
8.8500000000e+01,3.0364003365e-01,6.5436537199e-01,2.5296487634e-02,4.7591070451e-03,1.0305072621e-02,7.7368882512e-04,8.6023823827e-04,2.0508138704e+00,2.7719306567e-01,3.0671951851e-01
8.9000000000e+01,3.0496887655e-01,6.5278557033e-01,2.5584163209e-02,4.7573976048e-03,1.0331133174e-02,7.2427054885e-04,8.4858857657e-04,2.0513127958e+00,2.7919689498e-01,3.0804535299e-01
8.9500000000e+01,3.0898587687e-01,6.4885975227e-01,2.5573292449e-02,4.5972804176e-03,1.0483810619e-02,6.7560623462e-04,8.2438114285e-04,2.0492074707e+00,2.8383267075e-01,3.1206679207e-01
9.0000000000e+01,3.1911008940e-01,6.3848634105e-01,2.5834459876e-02,4.5399932749e-03,1.0550593223e-02,6.4018240063e-04,8.3834077613e-04,2.0591206826e+00,2.9437200813e-01,3.2222017447e-01
9.0500000000e+01,3.1850004853e-01,6.3880889323e-01,2.6364437506e-02,4.5255937586e-03,1.0361352924e-02,5.9337326062e-04,8.4630079370e-04,2.0572465156e+00,2.9471811084e-01,3.2157755439e-01
9.1000000000e+01,3.2767352337e-01,6.2923883724e-01,2.6744245488e-02,4.5232537093e-03,1.0427311347e-02,5.5467396926e-04,8.3815487754e-04,2.0662880082e+00,3.0451626363e-01,3.3075898337e-01
9.1500000000e+01,3.3074927475e-01,6.2626740510e-01,2.6779991701e-02,4.4891492694e-03,1.0388363121e-02,4.9769468021e-04,8.2812137219e-04,2.0629731440e+00,3.0852183465e-01,3.3380605457e-01
9.2000000000e+01,3.2550300315e-01,6.3139833258e-01,2.6797049620e-02,4.5056278966e-03,1.0527324986e-02,4.5095709913e-04,8.1770467378e-04,2.0568694613e+00,3.0455773638e-01,3.2848548305e-01
9.2500000000e+01,3.2161196823e-01,6.3536376867e-01,2.6985818203e-02,4.4334333894e-03,1.0401456647e-02,4.0139862615e-04,8.0215623942e-04,2.0464490375e+00,3.0193567846e-01,3.2452085454e-01
9.3000000000e+01,3.2321230411e-01,6.3401205332e-01,2.7050781068e-02,4.3584097817e-03,1.0199083418e-02,3.5824055714e-04,8.0912774522e-04,2.0402064218e+00,3.0466549299e-01,3.2606659882e-01
9.3500000000e+01,3.3017429796e-01,6.2730037610e-01,2.7097940266e-02,4.2906198976e-03,9.9973618431e-03,3.2538546542e-04,8.1401846663e-04,2.0391106530e+00,3.1264057661e-01,3.3299122916e-01
9.4000000000e+01,3.2913717081e-01,6.2839194920e-01,2.7206057873e-02,4.2303542899e-03,9.9239555655e-03,2.8927900302e-04,8.2123326683e-04,2.0334657108e+00,3.1288521493e-01,3.3187578157e-01
9.4500000000e+01,3.3043366918e-01,6.2783615623e-01,2.6706123127e-02,4.0960071548e-03,9.8595003647e-03,2.5008897996e-04,8.1845496233e-04,2.0218007042e+00,3.1544488358e-01,3.3309690161e-01
9.5000000000e+01,3.3599220124e-01,6.2143067065e-01,2.7522037699e-02,4.1046854380e-03,9.8820344567e-03,2.2176236258e-04,8.4660815360e-04,2.0321926143e+00,3.2218923075e-01,3.3859198767e-01
9.5500000000e+01,3.4163281722e-01,6.1502923481e-01,2.8461218376e-02,4.0352710756e-03,9.7867952585e-03,1.9851644367e-04,8.5614681803e-04,2.0388778782e+00,3.2903180477e-01,3.4416499716e-01
9.6000000000e+01,3.5159588811e-01,6.0496420416e-01,2.8770530155e-02,3.9836555303e-03,9.6614474684e-03,1.7323495650e-04,8.5103961982e-04,2.0419258688e+00,3.4017499097e-01,3.5406710982e-01
9.6500000000e+01,3.5545153230e-01,6.0127800966e-01,2.8593005046e-02,3.9800696428e-03,9.6945263109e-03,1.5010250848e-04,8.5275452921e-04,2.0405440214e+00,3.4535212158e-01,3.5783428143e-01
9.7000000000e+01,3.5389692712e-01,6.0343694086e-01,2.8409110858e-02,3.8899348901e-03,9.3835997048e-03,1.3225992531e-04,8.5122664346e-04,2.0281880535e+00,3.4518031816e-01,3.5617341021e-01
9.7500000000e+01,3.4827685565e-01,6.0936454576e-01,2.8559129356e-02,3.7326586773e-03,9.1082543826e-03,1.1552976962e-04,8.4302640252e-04,2.0139683344e+00,3.4098534630e-01,3.5043206186e-01
9.8000000000e+01,3.5044098047e-01,6.0768408765e-01,2.8274205495e-02,3.7307066672e-03,8.9248261827e-03,1.0113601419e-04,8.4405751959e-04,2.0079039362e+00,3.4452243153e-01,3.5249064769e-01
9.8500000000e+01,3.5899290994e-01,5.9925432915e-01,2.8473271031e-02,3.6862914232e-03,8.6569917103e-03,8.8519273360e-05,8.4768747720e-04,2.0077858874e+00,3.5441860794e-01,3.6094859037e-01
9.9000000000e+01,3.5910894435e-01,6.0058496218e-01,2.7544468265e-02,3.4832708114e-03,8.3965841979e-03,7.4860938677e-05,8.0690925892e-04,1.9856622989e+00,3.5596420869e-01,3.6094342782e-01
9.9500000000e+01,3.6070455168e-01,5.9910080957e-01,2.7598297214e-02,3.3445915940e-03,8.3764008481e-03,6.5890300772e-05,8.0945878675e-04,1.9813327073e+00,3.5899173511e-01,3.6241646908e-01
1.0000000000e+02,3.6247742354e-01,5.9692847516e-01,2.7938096747e-02,3.2640438823e-03,8.5150229483e-03,6.0116693564e-05,8.1682103304e-04,1.9844692413e+00,3.6220539928e-01,3.6406255679e-01

# METADATA: {"audit_maes": {"2": 0.0024829296045719806, "3": 0.0002288861135156117}, "audit_mae_k_target": 3.317627129705071e-05, "config_sha256": "85ed4115d72b", "provenance": "Hardened_JPCL_Resubmission_v1.3", "git_commit_sha": "a984f103d5a1"}
